"report_date","report_begin_date","report_end_date","published_date","office_name","office_state","office_city","office_code","market_type","market_type_category","market_location_name","market_location_state","market_location_city","slug_id","slug_name","report_title","group","category","commodity","class","frame","muscle_grade","quality_grade_name","lot_desc","freight","price_unit","age","pregnancy_stage","weight_collect","offspring_weight_est","dressing","yield_grade","head_count","avg_weight_min","avg_weight_max","avg_weight","avg_price_min","avg_price_max","avg_price","weight_break_low","weight_break_high","receipts","receipts_week_ago","receipts_year_ago","comments_commodity","report_narrative","final_ind"
"07/29/2024","07/28/2024","08/03/2024","08/05/2024 06:20:29","Albany, NY","NY","Albany","LS-KT","Auction Livestock,Auction Livestock (Special)","Summary",NA,NA,NA,2011,"AMS_2011","New York Weekly Cattle Auction Summary","Livestock","Cattle","Slaughter Cattle","Dairy Cows","N/A","N/A","Boner 80-85%","None","F.O.B.","Per Cwt",NA,NA,"Actual",NA,"Average","N/A",37,1080,1830,1455,116,138,127.72,NA,NA,508,278,0,NA,NA,"Final"
"07/22/2024","07/21/2024","07/27/2024","07/29/2024 05:10:10","Albany, NY","NY","Albany","LS-KT","Auction Livestock,Auction Livestock (Special)","Summary",NA,NA,NA,2011,"AMS_2011","New York Weekly Cattle Auction Summary","Livestock","Cattle","Slaughter Cattle","Dairy Cows","N/A","N/A","Boner 80-85%","None","F.O.B.","Per Cwt",NA,NA,"Actual",NA,"Average","N/A",35,1106,1809,1393,125,136,130.75,NA,NA,278,468,0,NA,NA,"Final"
"07/15/2024","07/14/2024","07/20/2024","07/22/2024 05:25:19","Albany, NY","NY","Albany","LS-KT","Auction Livestock,Auction Livestock (Special)","Summary",NA,NA,NA,2011,"AMS_2011","New York Weekly Cattle Auction Summary","Livestock","Cattle","Slaughter Cattle","Dairy Cows","N/A","N/A","Boner 80-85%","None","F.O.B.","Per Cwt",NA,NA,"Actual",NA,"Average","N/A",43,1154,1873,1487,116,131,124.61,NA,NA,468,554,0,NA,NA,"Final"
"07/08/2024","07/07/2024","07/13/2024","07/15/2024 07:07:23","Albany, NY","NY","Albany","LS-KT","Auction Livestock,Auction Livestock (Special)","Summary",NA,NA,NA,2011,"AMS_2011","New York Weekly Cattle Auction Summary","Livestock","Cattle","Slaughter Cattle","Dairy Cows","N/A","N/A","Boner 80-85%","None","F.O.B.","Per Cwt",NA,NA,"Actual",NA,"Average","N/A",61,960,2109,1514,100,132,123.8,NA,NA,554,439,0,NA,NA,"Final"
"07/01/2024","06/30/2024","07/06/2024","07/08/2024 03:54:47","Albany, NY","NY","Albany","LS-KT","Auction Livestock,Auction Livestock (Special)","Summary",NA,NA,NA,2011,"AMS_2011","New York Weekly Cattle Auction Summary","Livestock","Cattle","Slaughter Cattle","Dairy Cows","N/A","N/A","Boner 80-85%","None","F.O.B.","Per Cwt",NA,NA,"Actual",NA,"Average","N/A",40,1010,1780,1502,99,133,116.89,NA,NA,439,408,0,NA,NA,"Final"
"06/17/2024","06/16/2024","06/22/2024","06/24/2024 05:30:47","Albany, NY","NY","Albany","LS-KT","Auction Livestock,Auction Livestock (Special)","Summary",NA,NA,NA,2011,"AMS_2011","New York Weekly Cattle Auction Summary","Livestock","Cattle","Slaughter Cattle","Dairy Cows","N/A","N/A","Boner 80-85%","None","F.O.B.","Per Cwt",NA,NA,"Actual",NA,"Average","N/A",48,1080,1912,1428,115,134,124.62,NA,NA,408,563,0,NA,NA,"Final"
"06/10/2024","06/09/2024","06/15/2024","06/17/2024 05:33:49","Albany, NY","NY","Albany","LS-KT","Auction Livestock,Auction Livestock (Special)","Summary",NA,NA,NA,2011,"AMS_2011","New York Weekly Cattle Auction Summary","Livestock","Cattle","Slaughter Cattle","Dairy Cows","N/A","N/A","Boner 80-85%","None","F.O.B.","Per Cwt",NA,NA,"Actual",NA,"Average","N/A",59,1010,2220,1445,114,129.5,120.26,NA,NA,563,442,0,NA,NA,"Final"
"06/03/2024","06/02/2024","06/08/2024","06/10/2024 09:06:34","Albany, NY","NY","Albany","LS-KT","Auction Livestock,Auction Livestock (Special)","Summary",NA,NA,NA,2011,"AMS_2011","New York Weekly Cattle Auction Summary","Livestock","Cattle","Slaughter Cattle","Dairy Cows","N/A","N/A","Boner 80-85%","None","F.O.B.","Per Cwt",NA,NA,"Actual",NA,"Average","N/A",72,1024,2070,1453,116,129,124.3,NA,NA,442,295,0,NA,NA,"Final"
"05/27/2024","05/26/2024","06/01/2024","06/03/2024 05:27:12","Albany, NY","NY","Albany","LS-KT","Auction Livestock,Auction Livestock (Special)","Summary",NA,NA,NA,2011,"AMS_2011","New York Weekly Cattle Auction Summary","Livestock","Cattle","Slaughter Cattle","Dairy Cows","N/A","N/A","Boner 80-85%","None","F.O.B.","Per Cwt",NA,NA,"Actual",NA,"Average","N/A",47,1154,1820,1454,113,121,116.88,NA,NA,295,445,0,NA,NA,"Final"
"05/20/2024","05/19/2024","05/25/2024","05/28/2024 09:50:25","Albany, NY","NY","Albany","LS-KT","Auction Livestock,Auction Livestock (Special)","Summary",NA,NA,NA,2011,"AMS_2011","New York Weekly Cattle Auction Summary","Livestock","Cattle","Slaughter Cattle","Dairy Cows","N/A","N/A","Boner 80-85%","None","F.O.B.","Per Cwt",NA,NA,"Actual",NA,"Average","N/A",64,1115,1968,1482,107,120,113.35,NA,NA,445,331,0,NA,NA,"Final"
"05/13/2024","05/12/2024","05/18/2024","05/23/2024 06:06:52","Albany, NY","NY","Albany","LS-KT","Auction Livestock,Auction Livestock (Special)","Summary",NA,NA,NA,2011,"AMS_2011","New York Weekly Cattle Auction Summary","Livestock","Cattle","Slaughter Cattle","Dairy Cows","N/A","N/A","Boner 80-85%","None","F.O.B.","Per Cwt",NA,NA,"Actual",NA,"Average","N/A",50,1096,2006,1500,108,117,113.34,NA,NA,331,407,0,NA,NA,"Final"
"05/06/2024","05/05/2024","05/11/2024","05/13/2024 08:42:58","Albany, NY","NY","Albany","LS-KT","Auction Livestock,Auction Livestock (Special)","Summary",NA,NA,NA,2011,"AMS_2011","New York Weekly Cattle Auction Summary","Livestock","Cattle","Slaughter Cattle","Dairy Cows","N/A","N/A","Boner 80-85%","None","F.O.B.","Per Cwt",NA,NA,"Actual",NA,"Average","N/A",58,1094,1830,1530,97,117,110.88,NA,NA,407,261,0,NA,NA,"Final"
"04/22/2024","04/21/2024","04/27/2024","04/29/2024 11:10:25","Albany, NY","NY","Albany","LS-KT","Auction Livestock,Auction Livestock (Special)","Summary",NA,NA,NA,2011,"AMS_2011","New York Weekly Cattle Auction Summary","Livestock","Cattle","Slaughter Cattle","Dairy Cows","N/A","N/A","Boner 80-85%","None","F.O.B.","Per Cwt",NA,NA,"Actual",NA,"Average","N/A",47,1093,2122,1572,106,114,109.5,NA,NA,261,584,0,NA,NA,"Final"
"04/15/2024","04/14/2024","04/20/2024","04/22/2024 09:17:35","Albany, NY","NY","Albany","LS-KT","Auction Livestock,Auction Livestock (Special)","Summary",NA,NA,NA,2011,"AMS_2011","New York Weekly Cattle Auction Summary","Livestock","Cattle","Slaughter Cattle","Dairy Cows","N/A","N/A","Boner 80-85%","None","F.O.B.","Per Cwt",NA,NA,"Actual",NA,"Average","N/A",70,1070,1969,1552,102,124,114,NA,NA,584,288,0,NA,NA,"Final"
"04/08/2024","04/07/2024","04/13/2024","04/16/2024 11:06:35","Albany, NY","NY","Albany","LS-KT","Auction Livestock,Auction Livestock (Special)","Summary",NA,NA,NA,2011,"AMS_2011","New York Weekly Cattle Auction Summary","Livestock","Cattle","Slaughter Cattle","Dairy Cows","N/A","N/A","Boner 80-85%","None","F.O.B.","Per Cwt",NA,NA,"Actual",NA,"Average","N/A",50,1126,1829,1498,106,125,115.17,NA,NA,288,300,0,NA,NA,"Final"
"04/01/2024","03/31/2024","04/06/2024","05/03/2024 09:12:45","Albany, NY","NY","Albany","LS-KT","Auction Livestock,Auction Livestock (Special)","Summary",NA,NA,NA,2011,"AMS_2011","New York Weekly Cattle Auction Summary","Livestock","Cattle","Slaughter Cattle","Dairy Cows","N/A","N/A","Boner 80-85%","None","F.O.B.","Per Cwt",NA,NA,"Actual",NA,"Average","N/A",81,1086,2118,1476,106,126,116.67,NA,NA,551,300,0,NA,NA,"Final"
"03/25/2024","03/24/2024","03/30/2024","04/01/2024 08:48:56","Albany, NY","NY","Albany","LS-KT","Auction Livestock,Auction Livestock (Special)","Summary",NA,NA,NA,2011,"AMS_2011","New York Weekly Cattle Auction Summary","Livestock","Cattle","Slaughter Cattle","Dairy Cows","N/A","N/A","Boner 80-85%","None","F.O.B.","Per Cwt",NA,NA,"Actual",NA,"Average","N/A",49,1113,1876,1467,99,118,109.64,NA,NA,300,262,0,NA,NA,"Final"
"03/18/2024","03/17/2024","03/23/2024","03/25/2024 08:54:02","Albany, NY","NY","Albany","LS-KT","Auction Livestock,Auction Livestock (Special)","Summary",NA,NA,NA,2011,"AMS_2011","New York Weekly Cattle Auction Summary","Livestock","Cattle","Slaughter Cattle","Dairy Cows","N/A","N/A","Boner 80-85%","None","F.O.B.","Per Cwt",NA,NA,"Actual",NA,"Average","N/A",52,1108,1880,1464,103,113,107.73,NA,NA,262,577,0,NA,NA,"Final"
"03/11/2024","03/10/2024","03/16/2024","03/18/2024 07:53:58","Albany, NY","NY","Albany","LS-KT","Auction Livestock,Auction Livestock (Special)","Summary",NA,NA,NA,2011,"AMS_2011","New York Weekly Cattle Auction Summary","Livestock","Cattle","Slaughter Cattle","Dairy Cows","N/A","N/A","Boner 80-85%","None","F.O.B.","Per Cwt",NA,NA,"Actual",NA,"Average","N/A",67,1020,1784,1485,99,111,104.58,NA,NA,577,356,0,NA,NA,"Final"
"03/04/2024","03/03/2024","03/09/2024","03/11/2024 08:58:29","Albany, NY","NY","Albany","LS-KT","Auction Livestock,Auction Livestock (Special)","Summary",NA,NA,NA,2011,"AMS_2011","New York Weekly Cattle Auction Summary","Livestock","Cattle","Slaughter Cattle","Dairy Cows","N/A","N/A","Boner 80-85%","None","F.O.B.","Per Cwt",NA,NA,"Actual",NA,"Average","N/A",58,1062,1944,1514,98,109,102.96,NA,NA,356,301,0,NA,NA,"Final"
"01/13/2025","01/12/2025","01/18/2025","01/20/2025 11:33:05","Albany, NY","NY","Albany","LS-KT","Auction Livestock,Auction Livestock (Special)","Summary",NA,NA,NA,2011,"AMS_2011","New York Weekly Cattle Auction Summary","Livestock","Cattle","Slaughter Cattle","Dairy Cows","N/A","N/A","Boner 80-85%","None","F.O.B.","Per Cwt",NA,NA,"Actual",NA,"Average","N/A",41,1204,1816,1480,100,125,117.99,NA,NA,603,494,0,NA,NA,"Final"
"01/06/2025","01/05/2025","01/11/2025","01/13/2025 04:42:23","Albany, NY","NY","Albany","LS-KT","Auction Livestock,Auction Livestock (Special)","Summary",NA,NA,NA,2011,"AMS_2011","New York Weekly Cattle Auction Summary","Livestock","Cattle","Slaughter Cattle","Dairy Cows","N/A","N/A","Boner 80-85%","None","F.O.B.","Per Cwt",NA,NA,"Actual",NA,"Average","N/A",44,1130,1757,1471,99,132,119.8,NA,NA,494,421,329,NA,NA,"Final"
"12/30/2024","12/29/2024","01/04/2025","01/06/2025 04:36:22","Albany, NY","NY","Albany","LS-KT","Auction Livestock,Auction Livestock (Special)","Summary",NA,NA,NA,2011,"AMS_2011","New York Weekly Cattle Auction Summary","Livestock","Cattle","Slaughter Cattle","Dairy Cows","N/A","N/A","Boner 80-85%","None","F.O.B.","Per Cwt",NA,NA,"Actual",NA,"Average","N/A",69,1140,1861,1451,94,125,111.66,NA,NA,421,74,352,NA,NA,"Final"
"12/23/2024","12/22/2024","12/28/2024","12/30/2024 05:03:10","Albany, NY","NY","Albany","LS-KT","Auction Livestock,Auction Livestock (Special)","Summary",NA,NA,NA,2011,"AMS_2011","New York Weekly Cattle Auction Summary","Livestock","Cattle","Slaughter Cattle","Dairy Cows","N/A","N/A","Boner 80-85%","None","F.O.B.","Per Cwt",NA,NA,"Actual",NA,"Average","N/A",14,1268,1686,1459,109,122,114.65,NA,NA,74,648,342,NA,NA,"Final"
"12/16/2024","12/15/2024","12/21/2024","12/24/2024 14:49:43","Albany, NY","NY","Albany","LS-KT","Auction Livestock,Auction Livestock (Special)","Summary",NA,NA,NA,2011,"AMS_2011","New York Weekly Cattle Auction Summary","Livestock","Cattle","Slaughter Cattle","Dairy Cows","N/A","N/A","Boner 80-85%","None","F.O.B.","Per Cwt",NA,NA,"Actual",NA,"Average","N/A",35,1070,1885,1417,92,115,107.18,NA,NA,648,615,291,NA,NA,"Final"
"12/09/2024","12/08/2024","12/14/2024","12/16/2024 04:49:12","Albany, NY","NY","Albany","LS-KT","Auction Livestock,Auction Livestock (Special)","Summary",NA,NA,NA,2011,"AMS_2011","New York Weekly Cattle Auction Summary","Livestock","Cattle","Slaughter Cattle","Dairy Cows","N/A","N/A","Boner 80-85%","None","F.O.B.","Per Cwt",NA,NA,"Actual",NA,"Average","N/A",50,1115,1880,1495,94,115,106.16,NA,NA,615,613,452,NA,NA,"Final"
"12/02/2024","12/01/2024","12/07/2024","12/09/2024 05:08:10","Albany, NY","NY","Albany","LS-KT","Auction Livestock,Auction Livestock (Special)","Summary",NA,NA,NA,2011,"AMS_2011","New York Weekly Cattle Auction Summary","Livestock","Cattle","Slaughter Cattle","Dairy Cows","N/A","N/A","Boner 80-85%","None","F.O.B.","Per Cwt",NA,NA,"Actual",NA,"Average","N/A",52,960,1868,1467,96,119,108.23,NA,NA,613,153,471,NA,NA,"Final"
"11/25/2024","11/24/2024","11/30/2024","12/02/2024 04:49:24","Albany, NY","NY","Albany","LS-KT","Auction Livestock,Auction Livestock (Special)","Summary",NA,NA,NA,2011,"AMS_2011","New York Weekly Cattle Auction Summary","Livestock","Cattle","Slaughter Cattle","Dairy Cows","N/A","N/A","Boner 80-85%","None","F.O.B.","Per Cwt",NA,NA,"Actual",NA,"Average","N/A",5,1174,1688,1391,110,116,112.59,NA,NA,153,583,395,NA,NA,"Final"
"11/18/2024","11/17/2024","11/23/2024","11/25/2024 09:34:39","Albany, NY","NY","Albany","LS-KT","Auction Livestock,Auction Livestock (Special)","Summary",NA,NA,NA,2011,"AMS_2011","New York Weekly Cattle Auction Summary","Livestock","Cattle","Slaughter Cattle","Dairy Cows","N/A","N/A","Boner 80-85%","None","F.O.B.","Per Cwt",NA,NA,"Actual",NA,"Average","N/A",42,1076,1758,1504,100,115,109.18,NA,NA,583,528,0,NA,NA,"Final"
"11/11/2024","11/10/2024","11/16/2024","11/18/2024 06:56:43","Albany, NY","NY","Albany","LS-KT","Auction Livestock,Auction Livestock (Special)","Summary",NA,NA,NA,2011,"AMS_2011","New York Weekly Cattle Auction Summary","Livestock","Cattle","Slaughter Cattle","Dairy Cows","N/A","N/A","Boner 80-85%","None","F.O.B.","Per Cwt",NA,NA,"Actual",NA,"Average","N/A",46,1105,1835,1484,85,117,102.99,NA,NA,528,572,0,NA,NA,"Final"
"11/04/2024","11/03/2024","11/09/2024","11/11/2024 04:59:09","Albany, NY","NY","Albany","LS-KT","Auction Livestock,Auction Livestock (Special)","Summary",NA,NA,NA,2011,"AMS_2011","New York Weekly Cattle Auction Summary","Livestock","Cattle","Slaughter Cattle","Dairy Cows","N/A","N/A","Boner 80-85%","None","F.O.B.","Per Cwt",NA,NA,"Actual",NA,"Average","N/A",22,1104,1809,1579,100,120,110.91,NA,NA,572,395,0,NA,NA,"Final"
"10/28/2024","10/27/2024","11/02/2024","11/04/2024 05:09:52","Albany, NY","NY","Albany","LS-KT","Auction Livestock,Auction Livestock (Special)","Summary",NA,NA,NA,2011,"AMS_2011","New York Weekly Cattle Auction Summary","Livestock","Cattle","Slaughter Cattle","Dairy Cows","N/A","N/A","Boner 80-85%","None","F.O.B.","Per Cwt",NA,NA,"Actual",NA,"Average","N/A",46,1234,1918,1547,105,122,112.82,NA,NA,395,537,0,NA,NA,"Final"
"10/28/2024","10/27/2024","11/02/2024","11/04/2024 05:09:52","Albany, NY","NY","Albany","LS-KT","Auction Livestock,Auction Livestock (Special)","Summary",NA,NA,NA,2011,"AMS_2011","New York Weekly Cattle Auction Summary","Livestock","Cattle","Slaughter Cattle","Dairy Cows","N/A","N/A","Boner 80-85%","Certified Prgms","F.O.B.","Per Cwt",NA,NA,"Actual",NA,"Average","N/A",1,1045,1045,1045,110,110,110,NA,NA,395,537,0,NA,NA,"Final"
"10/21/2024","10/20/2024","10/26/2024","10/28/2024 11:29:20","Albany, NY","NY","Albany","LS-KT","Auction Livestock,Auction Livestock (Special)","Summary",NA,NA,NA,2011,"AMS_2011","New York Weekly Cattle Auction Summary","Livestock","Cattle","Slaughter Cattle","Dairy Cows","N/A","N/A","Boner 80-85%","None","F.O.B.","Per Cwt",NA,NA,"Actual",NA,"Average","N/A",45,1065,1768,1447,103,127,118.01,NA,NA,537,537,0,NA,NA,"Final"
"10/14/2024","10/13/2024","10/19/2024","10/21/2024 05:15:48","Albany, NY","NY","Albany","LS-KT","Auction Livestock,Auction Livestock (Special)","Summary",NA,NA,NA,2011,"AMS_2011","New York Weekly Cattle Auction Summary","Livestock","Cattle","Slaughter Cattle","Dairy Cows","N/A","N/A","Boner 80-85%","None","F.O.B.","Per Cwt",NA,NA,"Actual",NA,"Average","N/A",59,1044,1800,1488,104,130,117.46,NA,NA,537,556,0,NA,NA,"Final"
"10/07/2024","10/06/2024","10/12/2024","10/15/2024 04:40:03","Albany, NY","NY","Albany","LS-KT","Auction Livestock,Auction Livestock (Special)","Summary",NA,NA,NA,2011,"AMS_2011","New York Weekly Cattle Auction Summary","Livestock","Cattle","Slaughter Cattle","Dairy Cows","N/A","N/A","Boner 80-85%","None","F.O.B.","Per Cwt",NA,NA,"Actual",NA,"Average","N/A",46,1178,1863,1460,101,119,111.9,NA,NA,556,528,0,NA,NA,"Final"
"09/30/2024","09/29/2024","10/05/2024","10/07/2024 05:00:24","Albany, NY","NY","Albany","LS-KT","Auction Livestock,Auction Livestock (Special)","Summary",NA,NA,NA,2011,"AMS_2011","New York Weekly Cattle Auction Summary","Livestock","Cattle","Slaughter Cattle","Dairy Cows","N/A","N/A","Boner 80-85%","None","F.O.B.","Per Cwt",NA,NA,"Actual",NA,"Average","N/A",41,1000,1790,1519,103,117,111.47,NA,NA,528,347,0,NA,NA,"Final"
"09/23/2024","09/22/2024","09/28/2024","09/30/2024 07:03:23","Albany, NY","NY","Albany","LS-KT","Auction Livestock,Auction Livestock (Special)","Summary",NA,NA,NA,2011,"AMS_2011","New York Weekly Cattle Auction Summary","Livestock","Cattle","Slaughter Cattle","Dairy Cows","N/A","N/A","Boner 80-85%","None","F.O.B.","Per Cwt",NA,NA,"Actual",NA,"Average","N/A",23,1129,1848,1520,112,125,117.4,NA,NA,347,494,0,NA,NA,"Final"
"09/16/2024","09/15/2024","09/21/2024","09/23/2024 06:45:03","Albany, NY","NY","Albany","LS-KT","Auction Livestock,Auction Livestock (Special)","Summary",NA,NA,NA,2011,"AMS_2011","New York Weekly Cattle Auction Summary","Livestock","Cattle","Slaughter Cattle","Dairy Cows","N/A","N/A","Boner 80-85%","None","F.O.B.","Per Cwt",NA,NA,"Actual",NA,"Average","N/A",51,870,2162,1436,95,121,111.34,NA,NA,494,552,0,NA,NA,"Final"
"09/09/2024","09/08/2024","09/14/2024","09/16/2024 06:27:43","Albany, NY","NY","Albany","LS-KT","Auction Livestock,Auction Livestock (Special)","Summary",NA,NA,NA,2011,"AMS_2011","New York Weekly Cattle Auction Summary","Livestock","Cattle","Slaughter Cattle","Dairy Cows","N/A","N/A","Boner 80-85%","None","F.O.B.","Per Cwt",NA,NA,"Actual",NA,"Average","N/A",59,1050,1910,1455,98,129,112.75,NA,NA,552,418,0,NA,NA,"Final"
"09/02/2024","09/01/2024","09/07/2024","09/09/2024 10:30:41","Albany, NY","NY","Albany","LS-KT","Auction Livestock,Auction Livestock (Special)","Summary",NA,NA,NA,2011,"AMS_2011","New York Weekly Cattle Auction Summary","Livestock","Cattle","Slaughter Cattle","Dairy Cows","N/A","N/A","Boner 80-85%","None","F.O.B.","Per Cwt",NA,NA,"Actual",NA,"Average","N/A",54,885,1788,1430,108,129,117.53,NA,NA,418,296,0,NA,NA,"Final"
"08/26/2024","08/25/2024","08/31/2024","09/03/2024 05:17:01","Albany, NY","NY","Albany","LS-KT","Auction Livestock,Auction Livestock (Special)","Summary",NA,NA,NA,2011,"AMS_2011","New York Weekly Cattle Auction Summary","Livestock","Cattle","Slaughter Cattle","Dairy Cows","N/A","N/A","Boner 80-85%","None","F.O.B.","Per Cwt",NA,NA,"Actual",NA,"Average","N/A",33,1206,2004,1543,120,129,126.08,NA,NA,296,553,0,NA,NA,"Final"
"08/19/2024","08/18/2024","08/24/2024","08/26/2024 04:53:54","Albany, NY","NY","Albany","LS-KT","Auction Livestock,Auction Livestock (Special)","Summary",NA,NA,NA,2011,"AMS_2011","New York Weekly Cattle Auction Summary","Livestock","Cattle","Slaughter Cattle","Dairy Cows","N/A","N/A","Boner 80-85%","None","F.O.B.","Per Cwt",NA,NA,"Actual",NA,"Average","N/A",52,1055,1720,1405,114,138,129.84,NA,NA,553,525,0,NA,NA,"Final"
"08/12/2024","08/11/2024","08/17/2024","08/19/2024 10:15:59","Albany, NY","NY","Albany","LS-KT","Auction Livestock,Auction Livestock (Special)","Summary",NA,NA,NA,2011,"AMS_2011","New York Weekly Cattle Auction Summary","Livestock","Cattle","Slaughter Cattle","Dairy Cows","N/A","N/A","Boner 80-85%","None","F.O.B.","Per Cwt",NA,NA,"Actual",NA,"Average","N/A",38,795,1692,1413,116,135,129.47,NA,NA,525,736,0,NA,NA,"Final"
"08/05/2024","08/04/2024","08/10/2024","08/12/2024 05:09:35","Albany, NY","NY","Albany","LS-KT","Auction Livestock,Auction Livestock (Special)","Summary",NA,NA,NA,2011,"AMS_2011","New York Weekly Cattle Auction Summary","Livestock","Cattle","Slaughter Cattle","Dairy Cows","N/A","N/A","Boner 80-85%","None","F.O.B.","Per Cwt",NA,NA,"Actual",NA,"Average","N/A",52,970,1845,1422,116,138,128.11,NA,NA,736,508,0,NA,NA,"Final"
"07/07/2025","07/06/2025","07/12/2025","07/14/2025 06:30:05","Albany, NY","NY","Albany","LS-KT","Auction Livestock,Auction Livestock (Special)","Summary",NA,NA,NA,2011,"AMS_2011","New York Weekly Cattle Auction Summary","Livestock","Cattle","Slaughter Cattle","Dairy Cows","N/A","N/A","Boner 80-85%","None","F.O.B.","Per Cwt",NA,NA,"Actual",NA,"Average","N/A",24,972,1642,1359,136,147,140.39,NA,NA,339,190,554,NA,NA,"Final"
"06/30/2025","06/29/2025","07/05/2025","07/07/2025 07:07:53","Albany, NY","NY","Albany","LS-KT","Auction Livestock,Auction Livestock (Special)","Summary",NA,NA,NA,2011,"AMS_2011","New York Weekly Cattle Auction Summary","Livestock","Cattle","Slaughter Cattle","Dairy Cows","N/A","N/A","Boner 80-85%","None","F.O.B.","Per Cwt",NA,NA,"Actual",NA,"Average","N/A",5,1030,1493,1290,136,143,139.11,NA,NA,190,240,439,NA,NA,"Final"
"06/23/2025","06/22/2025","06/28/2025","06/30/2025 05:59:04","Albany, NY","NY","Albany","LS-KT","Auction Livestock,Auction Livestock (Special)","Summary",NA,NA,NA,2011,"AMS_2011","New York Weekly Cattle Auction Summary","Livestock","Cattle","Slaughter Cattle","Dairy Cows","N/A","N/A","Boner 80-85%","None","F.O.B.","Per Cwt",NA,NA,"Actual",NA,"Average","N/A",17,1105,1712,1414,134,148,140.61,NA,NA,240,351,0,NA,NA,"Final"
"06/16/2025","06/15/2025","06/21/2025","06/23/2025 06:22:42","Albany, NY","NY","Albany","LS-KT","Auction Livestock,Auction Livestock (Special)","Summary",NA,NA,NA,2011,"AMS_2011","New York Weekly Cattle Auction Summary","Livestock","Cattle","Slaughter Cattle","Dairy Cows","N/A","N/A","Boner 80-85%","None","F.O.B.","Per Cwt",NA,NA,"Actual",NA,"Average","N/A",18,1097,1699,1350,133,149,138.39,NA,NA,351,286,408,NA,NA,"Final"
"06/09/2025","06/08/2025","06/14/2025","06/16/2025 06:18:33","Albany, NY","NY","Albany","LS-KT","Auction Livestock,Auction Livestock (Special)","Summary",NA,NA,NA,2011,"AMS_2011","New York Weekly Cattle Auction Summary","Livestock","Cattle","Slaughter Cattle","Dairy Cows","N/A","N/A","Boner 80-85%","None","F.O.B.","Per Cwt",NA,NA,"Actual",NA,"Average","N/A",28,1172,1658,1391,137,156,146.17,NA,NA,286,182,563,NA,NA,"Final"
"06/02/2025","06/01/2025","06/07/2025","06/09/2025 07:13:50","Albany, NY","NY","Albany","LS-KT","Auction Livestock,Auction Livestock (Special)","Summary",NA,NA,NA,2011,"AMS_2011","New York Weekly Cattle Auction Summary","Livestock","Cattle","Slaughter Cattle","Dairy Cows","N/A","N/A","Boner 80-85%","None","F.O.B.","Per Cwt",NA,NA,"Actual",NA,"Average","N/A",20,984,1692,1385,130,149,139.97,NA,NA,182,224,442,NA,NA,"Final"
"05/26/2025","05/25/2025","05/31/2025","06/02/2025 05:42:17","Albany, NY","NY","Albany","LS-KT","Auction Livestock,Auction Livestock (Special)","Summary",NA,NA,NA,2011,"AMS_2011","New York Weekly Cattle Auction Summary","Livestock","Cattle","Slaughter Cattle","Dairy Cows","N/A","N/A","Boner 80-85%","None","F.O.B.","Per Cwt",NA,NA,"Actual",NA,"Average","N/A",18,1324,1578,1469,130,138,134.43,NA,NA,224,265,295,NA,NA,"Final"
"05/19/2025","05/18/2025","05/24/2025","05/27/2025 06:49:48","Albany, NY","NY","Albany","LS-KT","Auction Livestock,Auction Livestock (Special)","Summary",NA,NA,NA,2011,"AMS_2011","New York Weekly Cattle Auction Summary","Livestock","Cattle","Slaughter Cattle","Dairy Cows","N/A","N/A","Boner 80-85%","None","F.O.B.","Per Cwt",NA,NA,"Actual",NA,"Average","N/A",32,1160,1724,1481,129,140,133.71,NA,NA,265,282,445,NA,NA,"Final"
"05/12/2025","05/11/2025","05/17/2025","05/19/2025 07:08:04","Albany, NY","NY","Albany","LS-KT","Auction Livestock,Auction Livestock (Special)","Summary",NA,NA,NA,2011,"AMS_2011","New York Weekly Cattle Auction Summary","Livestock","Cattle","Slaughter Cattle","Dairy Cows","N/A","N/A","Boner 80-85%","None","F.O.B.","Per Cwt",NA,NA,"Actual",NA,"Average","N/A",21,1133,1626,1391,130,140,136.18,NA,NA,282,270,331,NA,NA,"Final"
"05/05/2025","05/04/2025","05/10/2025","05/12/2025 06:35:50","Albany, NY","NY","Albany","LS-KT","Auction Livestock,Auction Livestock (Special)","Summary",NA,NA,NA,2011,"AMS_2011","New York Weekly Cattle Auction Summary","Livestock","Cattle","Slaughter Cattle","Dairy Cows","N/A","N/A","Boner 80-85%","None","F.O.B.","Per Cwt",NA,NA,"Actual",NA,"Average","N/A",40,1092,1618,1435,130,140,135.12,NA,NA,270,301,407,NA,NA,"Final"
"04/28/2025","04/27/2025","05/03/2025","05/05/2025 06:13:28","Albany, NY","NY","Albany","LS-KT","Auction Livestock,Auction Livestock (Special)","Summary",NA,NA,NA,2011,"AMS_2011","New York Weekly Cattle Auction Summary","Livestock","Cattle","Slaughter Cattle","Dairy Cows","N/A","N/A","Boner 80-85%","None","F.O.B.","Per Cwt",NA,NA,"Actual",NA,"Average","N/A",24,1099,1624,1398,129,141,135.04,NA,NA,301,275,0,NA,NA,"Final"
"04/21/2025","04/20/2025","04/26/2025","04/28/2025 04:50:50","Albany, NY","NY","Albany","LS-KT","Auction Livestock,Auction Livestock (Special)","Summary",NA,NA,NA,2011,"AMS_2011","New York Weekly Cattle Auction Summary","Livestock","Cattle","Slaughter Cattle","Dairy Cows","N/A","N/A","Boner 80-85%","None","F.O.B.","Per Cwt",NA,NA,"Actual",NA,"Average","N/A",21,1108,1664,1343,124,136,131.29,NA,NA,275,284,261,NA,NA,"Final"
"04/14/2025","04/13/2025","04/19/2025","04/21/2025 05:42:34","Albany, NY","NY","Albany","LS-KT","Auction Livestock,Auction Livestock (Special)","Summary",NA,NA,NA,2011,"AMS_2011","New York Weekly Cattle Auction Summary","Livestock","Cattle","Slaughter Cattle","Dairy Cows","N/A","N/A","Boner 80-85%","None","F.O.B.","Per Cwt",NA,NA,"Actual",NA,"Average","N/A",19,1200,1660,1440,126,138,130.65,NA,NA,284,242,584,NA,NA,"Final"
"04/07/2025","04/06/2025","04/12/2025","04/14/2025 05:06:21","Albany, NY","NY","Albany","LS-KT","Auction Livestock,Auction Livestock (Special)","Summary",NA,NA,NA,2011,"AMS_2011","New York Weekly Cattle Auction Summary","Livestock","Cattle","Slaughter Cattle","Dairy Cows","N/A","N/A","Boner 80-85%","None","F.O.B.","Per Cwt",NA,NA,"Actual",NA,"Average","N/A",19,1141,1674,1469,124,134,128.69,NA,NA,242,322,288,NA,NA,"Final"
"03/31/2025","03/30/2025","04/05/2025","04/07/2025 05:18:13","Albany, NY","NY","Albany","LS-KT","Auction Livestock,Auction Livestock (Special)","Summary",NA,NA,NA,2011,"AMS_2011","New York Weekly Cattle Auction Summary","Livestock","Cattle","Slaughter Cattle","Dairy Cows","N/A","N/A","Boner 80-85%","None","F.O.B.","Per Cwt",NA,NA,"Actual",NA,"Average","N/A",22,1004,1764,1404,123,137,128.14,NA,NA,322,243,551,NA,NA,"Final"
"03/24/2025","03/23/2025","03/29/2025","03/31/2025 06:06:29","Albany, NY","NY","Albany","LS-KT","Auction Livestock,Auction Livestock (Special)","Summary",NA,NA,NA,2011,"AMS_2011","New York Weekly Cattle Auction Summary","Livestock","Cattle","Slaughter Cattle","Dairy Cows","N/A","N/A","Boner 80-85%","None","F.O.B.","Per Cwt",NA,NA,"Actual",NA,"Average","N/A",21,1212,1634,1473,125,138,131.64,NA,NA,243,318,300,NA,NA,"Final"
"03/17/2025","03/16/2025","03/22/2025","03/24/2025 06:40:04","Albany, NY","NY","Albany","LS-KT","Auction Livestock,Auction Livestock (Special)","Summary",NA,NA,NA,2011,"AMS_2011","New York Weekly Cattle Auction Summary","Livestock","Cattle","Slaughter Cattle","Dairy Cows","N/A","N/A","Boner 80-85%","None","F.O.B.","Per Cwt",NA,NA,"Actual",NA,"Average","N/A",32,1158,1776,1498,126,138,131.12,NA,NA,318,342,262,NA,NA,"Final"
"03/10/2025","03/09/2025","03/15/2025","03/17/2025 05:56:46","Albany, NY","NY","Albany","LS-KT","Auction Livestock,Auction Livestock (Special)","Summary",NA,NA,NA,2011,"AMS_2011","New York Weekly Cattle Auction Summary","Livestock","Cattle","Slaughter Cattle","Dairy Cows","N/A","N/A","Boner 80-85%","None","F.O.B.","Per Cwt",NA,NA,"Actual",NA,"Average","N/A",23,1198,1704,1453,124,136,130.31,NA,NA,342,202,577,NA,NA,"Final"
"03/03/2025","03/02/2025","03/08/2025","03/10/2025 05:26:53","Albany, NY","NY","Albany","LS-KT","Auction Livestock,Auction Livestock (Special)","Summary",NA,NA,NA,2011,"AMS_2011","New York Weekly Cattle Auction Summary","Livestock","Cattle","Slaughter Cattle","Dairy Cows","N/A","N/A","Boner 80-85%","None","F.O.B.","Per Cwt",NA,NA,"Actual",NA,"Average","N/A",14,1125,1675,1426,127,137,132.4,NA,NA,202,368,356,NA,NA,"Final"
"02/24/2025","02/23/2025","03/01/2025","03/03/2025 04:51:55","Albany, NY","NY","Albany","LS-KT","Auction Livestock,Auction Livestock (Special)","Summary",NA,NA,NA,2011,"AMS_2011","New York Weekly Cattle Auction Summary","Livestock","Cattle","Slaughter Cattle","Dairy Cows","N/A","N/A","Boner 80-85%","None","F.O.B.","Per Cwt",NA,NA,"Actual",NA,"Average","N/A",32,1093,1796,1511,124,140,129.88,NA,NA,368,280,301,NA,NA,"Final"
"02/17/2025","02/16/2025","02/22/2025","02/24/2025 09:18:30","Albany, NY","NY","Albany","LS-KT","Auction Livestock,Auction Livestock (Special)","Summary",NA,NA,NA,2011,"AMS_2011","New York Weekly Cattle Auction Summary","Livestock","Cattle","Slaughter Cattle","Dairy Cows","N/A","N/A","Boner 80-85%","None","F.O.B.","Per Cwt",NA,NA,"Actual",NA,"Average","N/A",40,1118,1832,1447,125,144,133.35,NA,NA,280,485,275,NA,NA,"Final"
"02/10/2025","02/09/2025","02/15/2025","02/18/2025 04:49:46","Albany, NY","NY","Albany","LS-KT","Auction Livestock,Auction Livestock (Special)","Summary",NA,NA,NA,2011,"AMS_2011","New York Weekly Cattle Auction Summary","Livestock","Cattle","Slaughter Cattle","Dairy Cows","N/A","N/A","Boner 80-85%","None","F.O.B.","Per Cwt",NA,NA,"Actual",NA,"Average","N/A",46,1190,1910,1517,110,129,121.51,NA,NA,485,616,0,NA,NA,"Final"
"02/03/2025","02/02/2025","02/08/2025","02/10/2025 04:40:41","Albany, NY","NY","Albany","LS-KT","Auction Livestock,Auction Livestock (Special)","Summary",NA,NA,NA,2011,"AMS_2011","New York Weekly Cattle Auction Summary","Livestock","Cattle","Slaughter Cattle","Dairy Cows","N/A","N/A","Boner 80-85%","None","F.O.B.","Per Cwt",NA,NA,"Actual",NA,"Average","N/A",65,1115,1785,1445,108,134,123.31,NA,NA,616,317,0,NA,NA,"Final"
"01/27/2025","01/26/2025","02/01/2025","02/03/2025 04:36:29","Albany, NY","NY","Albany","LS-KT","Auction Livestock,Auction Livestock (Special)","Summary",NA,NA,NA,2011,"AMS_2011","New York Weekly Cattle Auction Summary","Livestock","Cattle","Slaughter Cattle","Dairy Cows","N/A","N/A","Boner 80-85%","None","F.O.B.","Per Cwt",NA,NA,"Actual",NA,"Average","N/A",46,1109,1775,1442,122,137,129.81,NA,NA,317,455,0,NA,NA,"Final"
"01/20/2025","01/19/2025","01/25/2025","01/27/2025 04:46:03","Albany, NY","NY","Albany","LS-KT","Auction Livestock,Auction Livestock (Special)","Summary",NA,NA,NA,2011,"AMS_2011","New York Weekly Cattle Auction Summary","Livestock","Cattle","Slaughter Cattle","Dairy Cows","N/A","N/A","Boner 80-85%","None","F.O.B.","Per Cwt",NA,NA,"Actual",NA,"Average","N/A",47,1090,1744,1446,100,135,122.45,NA,NA,455,603,321,NA,NA,"Final"
"12/22/2025","12/21/2025","12/27/2025","12/29/2025 05:24:54","Albany, NY","NY","Albany","LS-KT","Auction Livestock,Auction Livestock (Special)","Summary",NA,NA,NA,2011,"AMS_2011","New York Weekly Cattle Auction Summary","Livestock","Cattle","Slaughter Cattle","Dairy Cows","N/A","N/A","Boner 80-85%","None","F.O.B.","Per Cwt",NA,NA,"Actual",NA,"Average","N/A",5,1328,1675,1531,127,137,131.88,NA,NA,74,379,74,NA,NA,"Final"
"12/15/2025","12/14/2025","12/20/2025","12/22/2025 04:35:47","Albany, NY","NY","Albany","LS-KT","Auction Livestock,Auction Livestock (Special)","Summary",NA,NA,NA,2011,"AMS_2011","New York Weekly Cattle Auction Summary","Livestock","Cattle","Slaughter Cattle","Dairy Cows","N/A","N/A","Boner 80-85%","None","F.O.B.","Per Cwt",NA,NA,"Actual",NA,"Average","N/A",30,1084,1906,1490,126,141,133.98,NA,NA,379,379,648,NA,NA,"Final"
"12/08/2025","12/07/2025","12/13/2025","12/14/2025 19:10:35","Albany, NY","NY","Albany","LS-KT","Auction Livestock,Auction Livestock (Special)","Summary",NA,NA,NA,2011,"AMS_2011","New York Weekly Cattle Auction Summary","Livestock","Cattle","Slaughter Cattle","Dairy Cows","N/A","N/A","Boner 80-85%","None","F.O.B.","Per Cwt",NA,NA,"Actual",NA,"Average","N/A",27,1035,1690,1432,124,139,132.81,NA,NA,379,340,615,NA,NA,"Final"
"12/01/2025","11/30/2025","12/06/2025","12/08/2025 06:59:41","Albany, NY","NY","Albany","LS-KT","Auction Livestock,Auction Livestock (Special)","Summary",NA,NA,NA,2011,"AMS_2011","New York Weekly Cattle Auction Summary","Livestock","Cattle","Slaughter Cattle","Dairy Cows","N/A","N/A","Boner 80-85%","None","F.O.B.","Per Cwt",NA,NA,"Actual",NA,"Average","N/A",22,1064,1842,1457,123,137,130.68,NA,NA,340,118,613,NA,NA,"Final"
"11/24/2025","11/23/2025","11/29/2025","12/01/2025 05:20:44","Albany, NY","NY","Albany","LS-KT","Auction Livestock,Auction Livestock (Special)","Summary",NA,NA,NA,2011,"AMS_2011","New York Weekly Cattle Auction Summary","Livestock","Cattle","Slaughter Cattle","Dairy Cows","N/A","N/A","Boner 80-85%","None","F.O.B.","Per Cwt",NA,NA,"Actual",NA,"Average","N/A",9,1223,1603,1399,124,135,127.26,NA,NA,118,346,153,NA,NA,"Final"
"11/17/2025","11/16/2025","11/22/2025","11/24/2025 06:15:54","Albany, NY","NY","Albany","LS-KT","Auction Livestock,Auction Livestock (Special)","Summary",NA,NA,NA,2011,"AMS_2011","New York Weekly Cattle Auction Summary","Livestock","Cattle","Slaughter Cattle","Dairy Cows","N/A","N/A","Boner 80-85%","None","F.O.B.","Per Cwt",NA,NA,"Actual",NA,"Average","N/A",14,1004,1774,1429,128,141,132.03,NA,NA,346,281,583,NA,NA,"Final"
"11/10/2025","11/09/2025","11/15/2025","11/17/2025 05:56:00","Albany, NY","NY","Albany","LS-KT","Auction Livestock,Auction Livestock (Special)","Summary",NA,NA,NA,2011,"AMS_2011","New York Weekly Cattle Auction Summary","Livestock","Cattle","Slaughter Cattle","Dairy Cows","N/A","N/A","Boner 80-85%","None","F.O.B.","Per Cwt",NA,NA,"Actual",NA,"Average","N/A",21,1091,1740,1395,122,139,129.8,NA,NA,281,0,528,NA,NA,"Final"
"10/06/2025","10/05/2025","10/11/2025","10/14/2025 05:00:09","Albany, NY","NY","Albany","LS-KT","Auction Livestock,Auction Livestock (Special)","Summary",NA,NA,NA,2011,"AMS_2011","New York Weekly Cattle Auction Summary","Livestock","Cattle","Slaughter Cattle","Dairy Cows","N/A","N/A","Boner 80-85%","None","F.O.B.","Per Cwt",NA,NA,"Actual",NA,"Average","N/A",21,1256,1758,1477,135,149,143.44,NA,NA,357,0,556,NA,NA,"Final"
"09/01/2025","08/31/2025","09/06/2025","09/08/2025 07:33:59","Albany, NY","NY","Albany","LS-KT","Auction Livestock,Auction Livestock (Special)","Summary",NA,NA,NA,2011,"AMS_2011","New York Weekly Cattle Auction Summary","Livestock","Cattle","Slaughter Cattle","Dairy Cows","N/A","N/A","Boner 80-85%","None","F.O.B.","Per Cwt",NA,NA,"Actual",NA,"Average","N/A",17,1198,1624,1413,137,156,145.3,NA,NA,340,227,418,NA,NA,"Final"
"08/25/2025","08/24/2025","08/30/2025","09/02/2025 06:24:14","Albany, NY","NY","Albany","LS-KT","Auction Livestock,Auction Livestock (Special)","Summary",NA,NA,NA,2011,"AMS_2011","New York Weekly Cattle Auction Summary","Livestock","Cattle","Slaughter Cattle","Dairy Cows","N/A","N/A","Boner 80-85%","None","F.O.B.","Per Cwt",NA,NA,"Actual",NA,"Average","N/A",18,1079,1690,1358,146,157,149.49,NA,NA,227,395,296,NA,NA,"Final"
"08/18/2025","08/17/2025","08/23/2025","08/25/2025 15:06:02","Albany, NY","NY","Albany","LS-KT","Auction Livestock,Auction Livestock (Special)","Summary",NA,NA,NA,2011,"AMS_2011","New York Weekly Cattle Auction Summary","Livestock","Cattle","Slaughter Cattle","Dairy Cows","N/A","N/A","Boner 80-85%","None","F.O.B.","Per Cwt",NA,NA,"Actual",NA,"Average","N/A",27,364,1698,1386,153,164,157.2,NA,NA,395,249,553,NA,NA,"Final"
"08/11/2025","08/10/2025","08/16/2025","08/18/2025 04:58:12","Albany, NY","NY","Albany","LS-KT","Auction Livestock,Auction Livestock (Special)","Summary",NA,NA,NA,2011,"AMS_2011","New York Weekly Cattle Auction Summary","Livestock","Cattle","Slaughter Cattle","Dairy Cows","N/A","N/A","Boner 80-85%","None","F.O.B.","Per Cwt",NA,NA,"Actual",NA,"Average","N/A",22,1195,1674,1403,149,163,158.59,NA,NA,249,199,525,NA,NA,"Final"
"08/04/2025","08/03/2025","08/09/2025","08/11/2025 05:55:33","Albany, NY","NY","Albany","LS-KT","Auction Livestock,Auction Livestock (Special)","Summary",NA,NA,NA,2011,"AMS_2011","New York Weekly Cattle Auction Summary","Livestock","Cattle","Slaughter Cattle","Dairy Cows","N/A","N/A","Boner 80-85%","None","F.O.B.","Per Cwt",NA,NA,"Actual",NA,"Average","N/A",15,899,1538,1351,150,160,154.19,NA,NA,199,274,736,NA,NA,"Final"
"07/28/2025","07/27/2025","08/02/2025","08/04/2025 06:11:09","Albany, NY","NY","Albany","LS-KT","Auction Livestock,Auction Livestock (Special)","Summary",NA,NA,NA,2011,"AMS_2011","New York Weekly Cattle Auction Summary","Livestock","Cattle","Slaughter Cattle","Dairy Cows","N/A","N/A","Boner 80-85%","None","F.O.B.","Per Cwt",NA,NA,"Actual",NA,"Average","N/A",23,968,1556,1340,134,146,139.98,NA,NA,274,190,508,NA,NA,"Final"
"07/21/2025","07/20/2025","07/26/2025","07/28/2025 06:54:12","Albany, NY","NY","Albany","LS-KT","Auction Livestock,Auction Livestock (Special)","Summary",NA,NA,NA,2011,"AMS_2011","New York Weekly Cattle Auction Summary","Livestock","Cattle","Slaughter Cattle","Dairy Cows","N/A","N/A","Boner 80-85%","None","F.O.B.","Per Cwt",NA,NA,"Actual",NA,"Average","N/A",18,1180,1582,1375,134,142,137.03,NA,NA,190,305,278,NA,NA,"Final"
"07/14/2025","07/13/2025","07/19/2025","07/21/2025 06:31:57","Albany, NY","NY","Albany","LS-KT","Auction Livestock,Auction Livestock (Special)","Summary",NA,NA,NA,2011,"AMS_2011","New York Weekly Cattle Auction Summary","Livestock","Cattle","Slaughter Cattle","Dairy Cows","N/A","N/A","Boner 80-85%","None","F.O.B.","Per Cwt",NA,NA,"Actual",NA,"Average","N/A",9,1332,1704,1516,135,143,138.46,NA,NA,305,339,468,NA,NA,"Final"
"06/08/2026","06/07/2026","06/13/2026","06/15/2026 06:29:42","Albany, NY","NY","Albany","LS-KT","Auction Livestock,Auction Livestock (Special)","Summary",NA,NA,NA,2011,"AMS_2011","New York Weekly Cattle Auction Summary","Livestock","Cattle","Slaughter Cattle","Dairy Cows","N/A","N/A","Boner 80-85%","None","F.O.B.","Per Cwt",NA,NA,"Actual",NA,"Average","N/A",26,1092,1754,1418,140,170,156.61,NA,NA,287,151,286,NA,NA,"Final"
"06/01/2026","05/31/2026","06/06/2026","06/08/2026 06:12:22","Albany, NY","NY","Albany","LS-KT","Auction Livestock,Auction Livestock (Special)","Summary",NA,NA,NA,2011,"AMS_2011","New York Weekly Cattle Auction Summary","Livestock","Cattle","Slaughter Cattle","Dairy Cows","N/A","N/A","Boner 80-85%","None","F.O.B.","Per Cwt",NA,NA,"Actual",NA,"Average","N/A",21,1044,1798,1435,147,171,161.02,NA,NA,151,209,182,NA,NA,"Final"
"05/25/2026","05/24/2026","05/30/2026","06/01/2026 06:35:48","Albany, NY","NY","Albany","LS-KT","Auction Livestock,Auction Livestock (Special)","Summary",NA,NA,NA,2011,"AMS_2011","New York Weekly Cattle Auction Summary","Livestock","Cattle","Slaughter Cattle","Dairy Cows","N/A","N/A","Boner 80-85%","None","F.O.B.","Per Cwt",NA,NA,"Actual",NA,"Average","N/A",11,1264,1584,1443,154,167,159.1,NA,NA,209,299,224,NA,NA,"Final"
"05/18/2026","05/17/2026","05/23/2026","05/26/2026 06:42:37","Albany, NY","NY","Albany","LS-KT","Auction Livestock,Auction Livestock (Special)","Summary",NA,NA,NA,2011,"AMS_2011","New York Weekly Cattle Auction Summary","Livestock","Cattle","Slaughter Cattle","Dairy Cows","N/A","N/A","Boner 80-85%","None","F.O.B.","Per Cwt",NA,NA,"Actual",NA,"Average","N/A",24,1116,1811,1451,154,177,163.31,NA,NA,299,296,265,NA,NA,"Final"
"05/11/2026","05/10/2026","05/16/2026","05/18/2026 06:31:29","Albany, NY","NY","Albany","LS-KT","Auction Livestock,Auction Livestock (Special)","Summary",NA,NA,NA,2011,"AMS_2011","New York Weekly Cattle Auction Summary","Livestock","Cattle","Slaughter Cattle","Dairy Cows","N/A","N/A","Boner 80-85%","None","F.O.B.","Per Cwt",NA,NA,"Actual",NA,"Average","N/A",15,1184,1790,1457,154,182,166.19,NA,NA,296,272,282,NA,NA,"Final"
"05/04/2026","05/03/2026","05/09/2026","05/11/2026 06:07:10","Albany, NY","NY","Albany","LS-KT","Auction Livestock,Auction Livestock (Special)","Summary",NA,NA,NA,2011,"AMS_2011","New York Weekly Cattle Auction Summary","Livestock","Cattle","Slaughter Cattle","Dairy Cows","N/A","N/A","Boner 80-85%","None","F.O.B.","Per Cwt",NA,NA,"Actual",NA,"Average","N/A",15,1160,1834,1532,153,164,157.61,NA,NA,272,340,270,NA,NA,"Final"
"04/27/2026","04/26/2026","05/02/2026","05/04/2026 06:10:20","Albany, NY","NY","Albany","LS-KT","Auction Livestock,Auction Livestock (Special)","Summary",NA,NA,NA,2011,"AMS_2011","New York Weekly Cattle Auction Summary","Livestock","Cattle","Slaughter Cattle","Dairy Cows","N/A","N/A","Boner 80-85%","None","F.O.B.","Per Cwt",NA,NA,"Actual",NA,"Average","N/A",19,1100,1635,1403,144,158,149.3,NA,NA,340,286,301,NA,NA,"Final"
"04/20/2026","04/19/2026","04/25/2026","04/27/2026 06:45:53","Albany, NY","NY","Albany","LS-KT","Auction Livestock,Auction Livestock (Special)","Summary",NA,NA,NA,2011,"AMS_2011","New York Weekly Cattle Auction Summary","Livestock","Cattle","Slaughter Cattle","Dairy Cows","N/A","N/A","Boner 80-85%","None","F.O.B.","Per Cwt",NA,NA,"Actual",NA,"Average","N/A",17,1116,1626,1395,144,158,151.73,NA,NA,286,340,275,NA,NA,"Final"
"04/13/2026","04/12/2026","04/18/2026","04/20/2026 06:55:37","Albany, NY","NY","Albany","LS-KT","Auction Livestock,Auction Livestock (Special)","Summary",NA,NA,NA,2011,"AMS_2011","New York Weekly Cattle Auction Summary","Livestock","Cattle","Slaughter Cattle","Dairy Cows","N/A","N/A","Boner 80-85%","None","F.O.B.","Per Cwt",NA,NA,"Actual",NA,"Average","N/A",17,974,1807,1453,150,167,160.37,NA,NA,340,305,284,NA,NA,"Final"
"04/06/2026","04/05/2026","04/11/2026","04/13/2026 06:42:24","Albany, NY","NY","Albany","LS-KT","Auction Livestock,Auction Livestock (Special)","Summary",NA,NA,NA,2011,"AMS_2011","New York Weekly Cattle Auction Summary","Livestock","Cattle","Slaughter Cattle","Dairy Cows","N/A","N/A","Boner 80-85%","None","F.O.B.","Per Cwt",NA,NA,"Actual",NA,"Average","N/A",23,1064,1803,1443,154,169,162.06,NA,NA,305,227,242,NA,NA,"Final"
"03/30/2026","03/29/2026","04/04/2026","04/06/2026 06:38:59","Albany, NY","NY","Albany","LS-KT","Auction Livestock,Auction Livestock (Special)","Summary",NA,NA,NA,2011,"AMS_2011","New York Weekly Cattle Auction Summary","Livestock","Cattle","Slaughter Cattle","Dairy Cows","N/A","N/A","Boner 80-85%","None","F.O.B.","Per Cwt",NA,NA,"Actual",NA,"Average","N/A",16,920,1790,1507,150,165,158.76,NA,NA,227,315,322,NA,NA,"Final"
"03/23/2026","03/22/2026","03/28/2026","03/30/2026 05:59:47","Albany, NY","NY","Albany","LS-KT","Auction Livestock,Auction Livestock (Special)","Summary",NA,NA,NA,2011,"AMS_2011","New York Weekly Cattle Auction Summary","Livestock","Cattle","Slaughter Cattle","Dairy Cows","N/A","N/A","Boner 80-85%","None","F.O.B.","Per Cwt",NA,NA,"Actual",NA,"Average","N/A",14,1268,1839,1439,148,159,154.42,NA,NA,315,319,243,NA,NA,"Final"
"03/16/2026","03/15/2026","03/21/2026","03/23/2026 06:24:07","Albany, NY","NY","Albany","LS-KT","Auction Livestock,Auction Livestock (Special)","Summary",NA,NA,NA,2011,"AMS_2011","New York Weekly Cattle Auction Summary","Livestock","Cattle","Slaughter Cattle","Dairy Cows","N/A","N/A","Boner 80-85%","None","F.O.B.","Per Cwt",NA,NA,"Actual",NA,"Average","N/A",28,1126,1816,1504,155,172,163.05,NA,NA,319,214,318,NA,NA,"Final"
"03/09/2026","03/08/2026","03/14/2026","04/08/2026 08:31:30","Albany, NY","NY","Albany","LS-KT","Auction Livestock,Auction Livestock (Special)","Summary",NA,NA,NA,2011,"AMS_2011","New York Weekly Cattle Auction Summary","Livestock","Cattle","Slaughter Cattle","Dairy Cows","N/A","N/A","Boner 80-85%","None","F.O.B.","Per Cwt",NA,NA,"Actual",NA,"Average","N/A",28,1044,1767,1431,144,158,149.57,NA,NA,214,247,342,NA,NA,"Final"
"03/02/2026","03/01/2026","03/07/2026","03/09/2026 07:08:33","Albany, NY","NY","Albany","LS-KT","Auction Livestock,Auction Livestock (Special)","Summary",NA,NA,NA,2011,"AMS_2011","New York Weekly Cattle Auction Summary","Livestock","Cattle","Slaughter Cattle","Dairy Cows","N/A","N/A","Boner 80-85%","None","F.O.B.","Per Cwt",NA,NA,"Actual",NA,"Average","N/A",27,1301,1828,1528,135,146,140.24,NA,NA,247,288,202,NA,NA,"Final"
"02/23/2026","02/22/2026","02/28/2026","03/02/2026 06:23:52","Albany, NY","NY","Albany","LS-KT","Auction Livestock,Auction Livestock (Special)","Summary",NA,NA,NA,2011,"AMS_2011","New York Weekly Cattle Auction Summary","Livestock","Cattle","Slaughter Cattle","Dairy Cows","N/A","N/A","Boner 80-85%","None","F.O.B.","Per Cwt",NA,NA,"Actual",NA,"Average","N/A",11,1375,1689,1543,131,141,136.54,NA,NA,288,335,368,NA,NA,"Final"
"02/16/2026","02/15/2026","02/21/2026","02/23/2026 07:39:02","Albany, NY","NY","Albany","LS-KT","Auction Livestock,Auction Livestock (Special)","Summary",NA,NA,NA,2011,"AMS_2011","New York Weekly Cattle Auction Summary","Livestock","Cattle","Slaughter Cattle","Dairy Cows","N/A","N/A","Boner 80-85%","None","F.O.B.","Per Cwt",NA,NA,"Actual",NA,"Average","N/A",24,1126,1854,1464,140,157,145.7,NA,NA,335,380,280,NA,NA,"Final"
"02/09/2026","02/08/2026","02/14/2026","02/18/2026 06:17:37","Albany, NY","NY","Albany","LS-KT","Auction Livestock,Auction Livestock (Special)","Summary",NA,NA,NA,2011,"AMS_2011","New York Weekly Cattle Auction Summary","Livestock","Cattle","Slaughter Cattle","Dairy Cows","N/A","N/A","Boner 80-85%","None","F.O.B.","Per Cwt",NA,NA,"Actual",NA,"Average","N/A",29,1180,1742,1416,142,160,153.45,NA,NA,380,324,485,NA,NA,"Final"
"02/02/2026","02/01/2026","02/07/2026","02/09/2026 03:53:09","Albany, NY","NY","Albany","LS-KT","Auction Livestock,Auction Livestock (Special)","Summary",NA,NA,NA,2011,"AMS_2011","New York Weekly Cattle Auction Summary","Livestock","Cattle","Slaughter Cattle","Dairy Cows","N/A","N/A","Boner 80-85%","None","F.O.B.","Per Cwt",NA,NA,"Actual",NA,"Average","N/A",21,1204,1946,1463,140,150,145.11,NA,NA,324,278,616,NA,NA,"Final"
"01/26/2026","01/25/2026","01/31/2026","02/02/2026 04:03:32","Albany, NY","NY","Albany","LS-KT","Auction Livestock,Auction Livestock (Special)","Summary",NA,NA,NA,2011,"AMS_2011","New York Weekly Cattle Auction Summary","Livestock","Cattle","Slaughter Cattle","Dairy Cows","N/A","N/A","Boner 80-85%","None","F.O.B.","Per Cwt",NA,NA,"Actual",NA,"Average","N/A",16,1207,1676,1435,139,148,143.46,NA,NA,278,333,317,NA,NA,"Final"
"01/19/2026","01/18/2026","01/24/2026","01/26/2026 04:36:47","Albany, NY","NY","Albany","LS-KT","Auction Livestock,Auction Livestock (Special)","Summary",NA,NA,NA,2011,"AMS_2011","New York Weekly Cattle Auction Summary","Livestock","Cattle","Slaughter Cattle","Dairy Cows","N/A","N/A","Boner 80-85%","None","F.O.B.","Per Cwt",NA,NA,"Actual",NA,"Average","N/A",36,1026,1862,1420,125,136,131.47,NA,NA,333,428,455,NA,NA,"Final"
"01/12/2026","01/11/2026","01/17/2026","01/20/2026 06:50:05","Albany, NY","NY","Albany","LS-KT","Auction Livestock,Auction Livestock (Special)","Summary",NA,NA,NA,2011,"AMS_2011","New York Weekly Cattle Auction Summary","Livestock","Cattle","Slaughter Cattle","Dairy Cows","N/A","N/A","Boner 80-85%","None","F.O.B.","Per Cwt",NA,NA,"Actual",NA,"Average","N/A",27,1096,1785,1462,126,139,133.15,NA,NA,428,271,603,NA,NA,"Final"
"01/05/2026","01/04/2026","01/10/2026","01/12/2026 04:13:24","Albany, NY","NY","Albany","LS-KT","Auction Livestock,Auction Livestock (Special)","Summary",NA,NA,NA,2011,"AMS_2011","New York Weekly Cattle Auction Summary","Livestock","Cattle","Slaughter Cattle","Dairy Cows","N/A","N/A","Boner 80-85%","None","F.O.B.","Per Cwt",NA,NA,"Actual",NA,"Average","N/A",31,1151,1772,1524,141,153,146.99,NA,NA,271,207,494,NA,NA,"Final"
"12/29/2025","12/28/2025","01/03/2026","01/05/2026 04:44:01","Albany, NY","NY","Albany","LS-KT","Auction Livestock,Auction Livestock (Special)","Summary",NA,NA,NA,2011,"AMS_2011","New York Weekly Cattle Auction Summary","Livestock","Cattle","Slaughter Cattle","Dairy Cows","N/A","N/A","Boner 80-85%","None","F.O.B.","Per Cwt",NA,NA,"Actual",NA,"Average","N/A",13,1109,1727,1433,140,158,147.64,NA,NA,207,74,421,NA,NA,"Final"
"09/21/2026","09/20/2026","09/26/2026","09/28/2026 06:29:46","Albany, NY","NY","Albany","LS-KT","Auction Livestock,Auction Livestock (Special)","Summary",NA,NA,NA,2011,"AMS_2011","New York Weekly Cattle Auction Summary","Livestock","Cattle","Slaughter Cattle","Dairy Cows","N/A","N/A","Boner 80-85%","None","F.O.B.","Per Cwt",NA,NA,"Actual",NA,"Average","N/A",16,1066,1605,1399,120,131,125.7,NA,NA,272,367,0,NA,NA,"Final"
"09/14/2026","09/13/2026","09/19/2026","09/21/2026 09:07:24","Albany, NY","NY","Albany","LS-KT","Auction Livestock,Auction Livestock (Special)","Summary",NA,NA,NA,2011,"AMS_2011","New York Weekly Cattle Auction Summary","Livestock","Cattle","Slaughter Cattle","Dairy Cows","N/A","N/A","Boner 80-85%","None","F.O.B.","Per Cwt",NA,NA,"Actual",NA,"Average","N/A",15,1240,1752,1487,119,130,125.45,NA,NA,367,219,0,NA,NA,"Final"
"09/07/2026","09/06/2026","09/12/2026","09/14/2026 06:59:13","Albany, NY","NY","Albany","LS-KT","Auction Livestock,Auction Livestock (Special)","Summary",NA,NA,NA,2011,"AMS_2011","New York Weekly Cattle Auction Summary","Livestock","Cattle","Slaughter Cattle","Dairy Cows","N/A","N/A","Boner 80-85%","None","F.O.B.","Per Cwt",NA,NA,"Actual",NA,"Average","N/A",17,1070,1750,1448,115,130,124.29,NA,NA,219,201,7,NA,NA,"Final"
"08/31/2026","08/30/2026","09/05/2026","09/08/2026 06:15:17","Albany, NY","NY","Albany","LS-KT","Auction Livestock,Auction Livestock (Special)","Summary",NA,NA,NA,2011,"AMS_2011","New York Weekly Cattle Auction Summary","Livestock","Cattle","Slaughter Cattle","Dairy Cows","N/A","N/A","Boner 80-85%","None","F.O.B.","Per Cwt",NA,NA,"Actual",NA,"Average","N/A",23,1270,1800,1486,120,136,130.04,NA,NA,201,252,340,NA,NA,"Final"
"08/24/2026","08/23/2026","08/29/2026","08/31/2026 06:24:41","Albany, NY","NY","Albany","LS-KT","Auction Livestock,Auction Livestock (Special)","Summary",NA,NA,NA,2011,"AMS_2011","New York Weekly Cattle Auction Summary","Livestock","Cattle","Slaughter Cattle","Dairy Cows","N/A","N/A","Boner 80-85%","None","F.O.B.","Per Cwt",NA,NA,"Actual",NA,"Average","N/A",13,1143,1726,1439,124,135,131.06,NA,NA,252,299,227,NA,NA,"Final"
"08/17/2026","08/16/2026","08/22/2026","08/24/2026 06:44:09","Albany, NY","NY","Albany","LS-KT","Auction Livestock,Auction Livestock (Special)","Summary",NA,NA,NA,2011,"AMS_2011","New York Weekly Cattle Auction Summary","Livestock","Cattle","Slaughter Cattle","Dairy Cows","N/A","N/A","Boner 80-85%","None","F.O.B.","Per Cwt",NA,NA,"Actual",NA,"Average","N/A",18,1140,1880,1455,140,156,147.46,NA,NA,299,256,395,NA,NA,"Final"
"08/10/2026","08/09/2026","08/15/2026","08/17/2026 06:16:55","Albany, NY","NY","Albany","LS-KT","Auction Livestock,Auction Livestock (Special)","Summary",NA,NA,NA,2011,"AMS_2011","New York Weekly Cattle Auction Summary","Livestock","Cattle","Slaughter Cattle","Dairy Cows","N/A","N/A","Boner 80-85%","None","F.O.B.","Per Cwt",NA,NA,"Actual",NA,"Average","N/A",13,1074,1711,1432,143,157,147.69,NA,NA,256,250,249,NA,NA,"Final"
"08/03/2026","08/02/2026","08/08/2026","08/10/2026 07:51:43","Albany, NY","NY","Albany","LS-KT","Auction Livestock,Auction Livestock (Special)","Summary",NA,NA,NA,2011,"AMS_2011","New York Weekly Cattle Auction Summary","Livestock","Cattle","Slaughter Cattle","Dairy Cows","N/A","N/A","Boner 80-85%","None","F.O.B.","Per Cwt",NA,NA,"Actual",NA,"Average","N/A",21,1102,1728,1421,151,171,158.22,NA,NA,250,336,199,NA,NA,"Final"
"07/27/2026","07/26/2026","08/01/2026","08/03/2026 06:33:58","Albany, NY","NY","Albany","LS-KT","Auction Livestock,Auction Livestock (Special)","Summary",NA,NA,NA,2011,"AMS_2011","New York Weekly Cattle Auction Summary","Livestock","Cattle","Slaughter Cattle","Dairy Cows","N/A","N/A","Boner 80-85%","None","F.O.B.","Per Cwt",NA,NA,"Actual",NA,"Average","N/A",31,1077,1796,1469,150,174,160.06,NA,NA,336,259,274,NA,NA,"Final"
"07/20/2026","07/19/2026","07/25/2026","07/27/2026 06:15:32","Albany, NY","NY","Albany","LS-KT","Auction Livestock,Auction Livestock (Special)","Summary",NA,NA,NA,2011,"AMS_2011","New York Weekly Cattle Auction Summary","Livestock","Cattle","Slaughter Cattle","Dairy Cows","N/A","N/A","Boner 80-85%","None","F.O.B.","Per Cwt",NA,NA,"Actual",NA,"Average","N/A",16,1158,1970,1504,161,180,169.14,NA,NA,259,304,190,NA,NA,"Final"
"07/13/2026","07/12/2026","07/18/2026","07/20/2026 06:41:02","Albany, NY","NY","Albany","LS-KT","Auction Livestock,Auction Livestock (Special)","Summary",NA,NA,NA,2011,"AMS_2011","New York Weekly Cattle Auction Summary","Livestock","Cattle","Slaughter Cattle","Dairy Cows","N/A","N/A","Boner 80-85%","None","F.O.B.","Per Cwt",NA,NA,"Actual",NA,"Average","N/A",31,962,1704,1424,153,173,163.75,NA,NA,304,307,305,NA,NA,"Final"
"07/06/2026","07/05/2026","07/11/2026","07/13/2026 06:55:10","Albany, NY","NY","Albany","LS-KT","Auction Livestock,Auction Livestock (Special)","Summary",NA,NA,NA,2011,"AMS_2011","New York Weekly Cattle Auction Summary","Livestock","Cattle","Slaughter Cattle","Dairy Cows","N/A","N/A","Boner 80-85%","None","F.O.B.","Per Cwt",NA,NA,"Actual",NA,"Average","N/A",19,1064,1630,1406,154,178.5,168.6,NA,NA,307,239,339,NA,NA,"Final"
"06/29/2026","06/28/2026","07/04/2026","07/06/2026 05:57:18","Albany, NY","NY","Albany","LS-KT","Auction Livestock,Auction Livestock (Special)","Summary",NA,NA,NA,2011,"AMS_2011","New York Weekly Cattle Auction Summary","Livestock","Cattle","Slaughter Cattle","Dairy Cows","N/A","N/A","Boner 80-85%","None","F.O.B.","Per Cwt",NA,NA,"Actual",NA,"Average","N/A",21,1161,1642,1390,152,176,164.08,NA,NA,239,311,190,NA,NA,"Final"
"06/22/2026","06/21/2026","06/27/2026","06/29/2026 08:45:38","Albany, NY","NY","Albany","LS-KT","Auction Livestock,Auction Livestock (Special)","Summary",NA,NA,NA,2011,"AMS_2011","New York Weekly Cattle Auction Summary","Livestock","Cattle","Slaughter Cattle","Dairy Cows","N/A","N/A","Boner 80-85%","None","F.O.B.","Per Cwt",NA,NA,"Actual",NA,"Average","N/A",29,1188,1686,1452,153,170,159.44,NA,NA,311,293,240,NA,NA,"Final"
"06/15/2026","06/14/2026","06/20/2026","06/22/2026 09:10:35","Albany, NY","NY","Albany","LS-KT","Auction Livestock,Auction Livestock (Special)","Summary",NA,NA,NA,2011,"AMS_2011","New York Weekly Cattle Auction Summary","Livestock","Cattle","Slaughter Cattle","Dairy Cows","N/A","N/A","Boner 80-85%","None","F.O.B.","Per Cwt",NA,NA,"Actual",NA,"Average","N/A",16,1028,1768,1422,140,158,147.43,NA,NA,293,287,351,NA,NA,"Final"
