type,organic,supply_chain_location,form,mean_price_lb,sd_price_lb,mean_price_kg,sd_price_kg
differentiated,conventional,farmgate,dried,1.04,0.14379510958825326,2.2928093969911285,0.31701421010126557
differentiated,conventional,aggregator/cleaner,dried,1.14,0.15762156243327757,2.5132718390095063,0.34749634568792565
differentiated,organic,farmgate,dried,2.08,0.5120525220356557,4.585618793982257,1.1288834944964983
differentiated,organic,aggregator/cleaner,dried,2.28,0.561288341462161,5.026543678019013,1.2374299843519307
differentiated,conventional,primary_processor,dried,NA,NA,NA,NA
differentiated,conventional,primary_processor,canned,NA,NA,NA,NA
differentiated,conventional,primary_processor,frozen,NA,NA,NA,NA
differentiated,conventional,secondary_processor,dried,NA,NA,NA,NA
differentiated,conventional,secondary_processor,canned,NA,NA,NA,NA
differentiated,conventional,secondary_processor,frozen,3.3,0.8123910205373382,7.275260586606465,1.7910170826146365
differentiated,conventional,wholesaler/distributor,dried,2.285,0.5727564927611035,5.037566800119932,1.2627129507599417
differentiated,conventional,wholesaler/distributor,canned,1.6400000000000001,0.04242640687119273,3.6155840491013955,0.0935342926488843
differentiated,conventional,wholesaler/distributor,frozen,NA,NA,NA,NA
differentiated,organic,primary_processor,dried,NA,NA,NA,NA
differentiated,organic,primary_processor,canned,NA,NA,NA,NA
differentiated,organic,primary_processor,frozen,NA,NA,NA,NA
differentiated,organic,secondary_processor,dried,NA,NA,NA,NA
differentiated,organic,secondary_processor,canned,NA,NA,NA,NA
differentiated,organic,secondary_processor,frozen,6.8,0.9401987934616558,14.991446057249687,2.07278521989289
differentiated,organic,wholesaler/distributor,dried,2.5033333333333334,0.6162683398217587,5.518909798526723,1.358640231357164
differentiated,organic,wholesaler/distributor,canned,NA,NA,NA,NA
differentiated,organic,wholesaler/distributor,frozen,NA,NA,NA,NA
