crop,sales_class_agg,mwbe_fct,organic_fct,production_cost_acre_mean,production_cost_acre_sd,production_cost_hectare_mean,production_cost_hectare_sd
drybeans,GCFI $1 million or more,MWBE,No organic sales,451.5,42.72050000000001,1115.6565,105.56235550000002
drybeans,GCFI $1 million or more,MWBE,Organic sales,485.1,45.89970000000001,1198.6821,113.41815870000003
drybeans,GCFI $1 million or more,Not MWBE,No organic sales,740.5263157894736,70.06789473684212,1829.8405263157895,173.1377678947369
drybeans,GCFI $1 million or more,Not MWBE,Organic sales,550.62,52.09914000000001,1360.58202,128.73697494000004
drybeans,GCFI less than $1 million,MWBE,No organic sales,509.6368421052632,48.22135263157896,1259.3126368421053,119.15496235263161
drybeans,GCFI less than $1 million,MWBE,Organic sales,988.68,93.54796000000002,2443.02828,231.15700916000006
drybeans,GCFI less than $1 million,Not MWBE,No organic sales,342.18947368421055,32.37764210526317,845.5501894736843,80.0051536421053
drybeans,GCFI less than $1 million,Not MWBE,Organic sales,314.034,29.713598000000008,775.978014,73.42230065800003
soybeans,GCFI $1 million or more,MWBE,No organic sales,827.8433420365536,640.2175382711796,2045.6008981723242,1581.9775370680848
soybeans,GCFI $1 million or more,Not MWBE,No organic sales,829.7248041775458,550.9391514360315,2050.249991122716,1361.3706431984338
soybeans,GCFI less than $1 million,MWBE,No organic sales,832.8605744125327,1661.9150001986607,2057.9984793733684,4106.59196549089
soybeans,GCFI less than $1 million,Not MWBE,No organic sales,843.365404699739,2321.9871504583616,2083.955915013055,5737.6302487826115
soybeans,GCFI $1 million or more,MWBE,Organic sales,863.198829788581,667.5599135535556,2132.9643084075838,1649.540546390836
soybeans,GCFI $1 million or more,Not MWBE,Organic sales,865.1606453108277,574.468630301912,2137.811954563055,1419.5119854760244
soybeans,GCFI less than $1 million,MWBE,Organic sales,868.4303378479057,1732.8919742839819,2145.891364822175,4281.9760684557195
soybeans,GCFI less than $1 million,Not MWBE,Organic sales,879.3838078471168,2421.1544494988248,2172.957389190226,5982.672644711596
