company_name,street_address,city,state,zip_code,ny,wholesaler_distributor,harvester_processor,secondary_processor,auction,harvester_processor_scale,secondary_processor_scale,auction_scale,max_inv,lrfs_business,mwbe,sold_to_nyc,nys_product_purchased,sold_to_NYC,organic,address,latitude,longitude
458 1/2 South Broadway Meat Inc,458 1/2 South Broadway,Yonkers,NY,10705,1,0,0,1,0,0,0,0,0,0,0,0,0,0,0,"458 1/2 South Broadway, Yonkers, NY 10705",40.917641284237,-73.896575888364
A & A Finest,5342 98th Street,Corona,NY,11368,1,0,0,1,0,0,0,0,0,0,0,0,0,0,0,"5342 98th Street, Corona, NY 11368",40.739964818376,-73.863308704921
A.A. Rubashkin & Sons,4310 14th Ave,Brooklyn,NY,11219,1,0,0,1,0,0,0,0,0,0,0,0,0,0,0,"4310 14th Ave, Brooklyn, NY 11219",40.636995528083,-73.986575795261
"AVA Pork Products, Inc.",383 West John Street,Hicksville,NY,11801,1,0,0,1,0,0,0,0,0,1,0,0,0,0,0,"383 West John Street, Hicksville, NY 11801",40.766409121735,-73.540975757037
"Alex & George Wholesale Meats, Inc.",2 Rockwood Street - Suite 100,Rochester,NY,14610,1,0,0,1,0,0,0,0,0,1,0,0,0,0,0,"2 Rockwood Street - Suite 100, Rochester, NY 14610",43.145725923643,-77.552518740691
Alex's Meat & Provisions,5600 1st Avenue  Unit B-16,Brooklyn,NY,11220,1,0,0,1,0,0,0,0,0,1,0,0,0,0,0,"5600 1st Avenue  Unit B-16, Brooklyn, NY 11220",40.647141229419,-74.022635037924
"America New York Ri Wang Food Group Co., Ltd.",58-85 58th Avenue,Maspeth,NY,11378,1,0,0,1,0,0,0,0,0,0,0,0,0,0,0,"58-85 58th Avenue, Maspeth, NY 11378",40.721122594288,-73.908905599459
"America New York Ri Wang Food Group Co., Ltd.",30 Inez Drive,Bay Shore,NY,11706,1,0,0,1,0,0,0,0,0,0,0,0,0,0,0,"30 Inez Drive, Bay Shore, NY 11706",40.764407260092,-73.267799500084
Argyle Livestock Station LLC,8 McEachron Hill Rd,Argyle,NY,12809,1,0,0,0,1,0,0,0,0,1,0,0,0,0,0,"8 McEachron Hill Rd, Argyle, NY 12809",43.244763726742,-73.477867564024
Atlantic Veal & Lamb Inc,275 Morgan Avenue,Brooklyn,NY,11211,1,0,0,1,0,0,0,0,0,1,0,0,0,0,0,"275 Morgan Avenue, Brooklyn, NY 11211",40.714093589186,-73.935204612002
Aztec Imperio,971 Intervale Ave,Bronx,NY,10459,1,0,0,1,0,0,0,0,0,0,0,0,0,0,0,"971 Intervale Ave, Bronx, NY 10459",40.822240110912,-73.896953607403
B.K. Transfer (Barbara E. Kelley),5324 County Road 14,Odessa,NY,14869,1,0,0,0,1,0,0,0,0,1,0,0,0,0,0,"5324 County Road 14, Odessa, NY 14869",42.311468446582,-76.760450200273
BURLY BROTHERS COUNTRY BUTCHERY,4154 E Main Street Rd,Attica,NY,14011,1,0,1,1,0,0,0,0,0,1,0,0,0,0,0,"4154 E Main Street Rd, Attica, NY 14011",42.860730026968,-78.2083099057
"Bare Bones Butchering, LLC",5786 County Route 17,Friendship,NY,14739,1,0,1,1,0,0,0,0,0,1,0,0,0,0,0,"5786 County Route 17, Friendship, NY 14739",42.252424815085,-78.147549781079
Beech-Nut Nutrition Corporation,1 Nutritious Place,Amsterdam,NY,12010,1,0,0,1,0,0,0,0,0,1,0,0,0,0,0,"1 Nutritious Place, Amsterdam, NY 12010",42.940281803226,-74.228125630984
Berger Wholesale Meat Co.,13 New Street,Huntington,NY,11743,1,0,0,1,0,0,0,0,0,1,0,0,0,0,0,"13 New Street, Huntington, NY 11743",40.870509168978,-73.427388629968
Berk Lombardo Packing Co.. Inc.,50 Constance Court,Hauppauge,NY,11788,1,0,0,1,0,0,0,0,0,1,0,0,0,0,0,"50 Constance Court, Hauppauge, NY 11788",40.812258053206,-73.225382706058
"Berkshire View Custom Cut Meats, LLC",838 Alcove Road,Hannacroix,NY,12087,1,0,1,1,0,0,0,0,0,1,0,0,0,0,0,"838 Alcove Road, Hannacroix, NY 12087",42.438792985755,-73.911931808971
Big Mouth/Cudlins,8 Cox Road,Newfield,NY,14867,1,0,1,1,0,0,0,0,0,1,0,0,0,0,0,"8 Cox Road, Newfield, NY 14867",42.347127848215,-76.617382704209
"Bills Market, Inc.",2095 Route 336,Romulus,NY,14531,1,0,1,1,0,0,0,0,0,1,0,0,0,0,0,"2095 Route 336, Romulus, NY 14531",42.808400052576,-76.82586506797
Bimmy's Food Made With Love,4700 33rd Street 2nd Floor,Long Island City,NY,11101,1,0,0,1,0,0,0,0,0,1,0,0,0,0,0,"4700 33rd Street 2nd Floor, Long Island City, NY 11101",40.742610670175,-73.932168672639
Blue Star Meat Corp.,520 Craven Street,Bronx,NY,10474,1,0,0,1,0,0,0,0,0,1,0,0,0,0,0,"520 Craven Street, Bronx, NY 10474",40.809776960554,-73.89194109298
Bonavista foods Inc.,2033 State Route 96A,Ovid,NY,14521,1,0,0,1,0,0,0,0,0,1,0,0,0,0,0,"2033 State Route 96A, Ovid, NY 14521",42.680963991527,-76.831039244696
Borenstein Caterers Inc.,179-29 150th Road,Jamaica,NY,11434,1,0,0,1,0,0,0,0,0,1,0,0,0,0,0,"179-29 150th Road, Jamaica, NY 11434",40.656260778509,-73.766892479688
"Bostrom Farms, LLC",2200 State Routes 5 and 20,Stanley,NY,14561,1,0,0,1,0,0,0,0,0,1,0,0,0,0,0,"2200 State Routes 5 and 20, Stanley, NY 14561",42.857899985405,-77.106543829185
Brother's Halal Meat Packing,56 Railroad Avenue,Stamford,NY,12167,1,0,1,1,0,0,0,0,0,1,0,0,0,0,0,"56 Railroad Avenue, Stamford, NY 12167",42.406746744544,-74.61996278509
"Buffalo SAV, Inc.",1550 William Street,Buffalo,NY,14206,1,0,0,1,0,0,0,0,0,1,0,0,0,0,0,"1550 William Street, Buffalo, NY 14206",42.884840408512,-78.814095785214
Burly Brothers Country Butchery,4154 East Main Street,Attica,NY,14011,1,0,1,1,0,0,0,0,0,1,0,0,0,0,0,"4154 East Main Street, Attica, NY 14011",42.860730026968,-78.2083099057
CAFE SPICE LLC,677 LITTLE BRITAIN ROAD,NEW WINDSOR,NY,12553,1,0,0,1,0,0,0,0,0,0,1,0,0,0,0,"677 LITTLE BRITAIN ROAD, NEW WINDSOR, NY 12553",41.490252613932,-74.062226180543007
CYRE Inc.,876 Neighborhood Road,Lake Katrine,NY,12449,1,0,0,1,0,0,0,0,0,0,0,0,0,0,0,"876 Neighborhood Road, Lake Katrine, NY 12449",41.977754313956,-73.997270348016
"Cafe Spice, LLC",511 Fishkill Avenue,Beacon,NY,12508,1,0,0,1,0,0,0,0,0,0,0,0,0,0,0,"511 Fishkill Avenue, Beacon, NY 12508",41.51707293216,-73.944808969502
Cambridge Valley Livestock Market Inc (CVLM),2147 NY-22,Cambridge,NY,12816,1,0,0,0,1,0,0,0,0,1,0,0,0,0,0,"2147 NY-22, Cambridge, NY 12816",43.049848500564,-73.372647226525
"Camellia General Provision Co., Inc.",1333 Genesee Street,Buffalo,NY,14211,1,0,0,1,0,0,0,0,0,0,0,0,0,0,0,"1333 Genesee Street, Buffalo, NY 14211",42.905795229542,-78.830638357954
Canandaigua Stockyards Inc,3865 Routes 5 and 20,Canandaigua,NY,14424,1,0,0,0,1,0,0,0,0,1,0,0,0,0,0,"3865 Routes 5 and 20, Canandaigua, NY 14424",42.863404441637,-77.210728924996
Caribbean Food Delights,117 Route 303,Tappan,NY,10983,1,0,0,1,0,0,0,0,0,0,0,0,0,0,0,"117 Route 303, Tappan, NY 10983",41.033215875649,-73.945154683644
"Casanova Market, Inc.",430 Wireless Boulevard,Hauppauge,NY,11788,1,0,0,1,0,0,0,0,0,0,0,0,0,0,0,"430 Wireless Boulevard, Hauppauge, NY 11788",40.813657369619,-73.258855641834
Catskill Food Company LLC,53 Main Street,Delhi,NY,13753,1,0,0,1,0,0,0,0,0,0,0,0,0,0,0,"53 Main Street, Delhi, NY 13753",42.275430288327,-74.919320289495
Cavo Greco Foods,532 East Meadow Avenue,East Meadow,NY,11554,1,0,0,1,0,0,0,0,0,0,0,0,0,0,0,"532 East Meadow Avenue, East Meadow, NY 11554",40.711339989626,-73.556006439383
Chautauqua County Stockyards,4105 Irons Rd,Sherman,NY,14880,1,0,0,0,1,0,0,0,0,1,0,0,0,0,0,"4105 Irons Rd, Sherman, NY 14880",42.177147792933,-78.060859988571
Chautauqua County Stockyards LLC,4150 Sherman Mayville Rd,Sherman,NY,14781,1,0,0,0,1,0,0,0,0,1,0,0,0,0,0,"4150 Sherman Mayville Rd, Sherman, NY 14781",42.180914172994,-79.570293624228
Chef's Choice Cash & Carry Food Distribution Inc,1051 Utica Avenue,Brooklyn,NY,11203,1,0,0,1,0,0,0,0,0,0,0,0,0,0,0,"1051 Utica Avenue, Brooklyn, NY 11203",40.647229527188,-73.929822156334
"Chef's Delight Packing Co., Inc.",94 North 8th Street,Brooklyn,NY,11211,1,0,0,1,0,0,0,0,0,0,0,0,0,0,0,"94 North 8th Street, Brooklyn, NY 11211",40.719906184084,-73.959687269473
Chihuly,2301 Borden Avenue,Long Island City,NY,11101,1,0,0,1,0,0,0,0,0,0,0,0,0,0,0,"2301 Borden Avenue, Long Island City, NY 11101",40.740044883048,-73.947510940839
"Constance Food Group, DBA Norris Food Services, LLC",545 Johnson Avenue Suite 10,Bohemia,NY,11716,1,0,0,1,0,0,0,0,0,0,0,0,0,0,0,"545 Johnson Avenue Suite 10, Bohemia, NY 11716",40.776521140776,-73.094517704601
"Crescent Prime Cuts, Ltd.",1970 New Highway,Farmingdale,NY,11735,1,0,0,1,0,0,0,0,0,0,0,0,0,0,0,"1970 New Highway, Farmingdale, NY 11735",40.755724652705,-73.414960752181
"Crescent Specialty Foods, LLC",30 Central Avenue,Farmingdale,NY,11735,1,0,0,1,0,0,0,0,0,0,0,0,0,0,0,"30 Central Avenue, Farmingdale, NY 11735",40.753050561017,-73.413134349286
"Croghan Meat Market ,Inc.",9824 State Route 812,Croghan,NY,13327,1,0,0,1,0,0,0,0,0,0,0,0,0,0,0,"9824 State Route 812, Croghan, NY 13327",43.89536264293,-75.392382437972
"Crown I Foods, Inc.",85 Saxon Avenue,Bay Shore,NY,11706,1,0,0,1,0,0,0,0,0,0,0,0,0,0,0,"85 Saxon Avenue, Bay Shore, NY 11706",40.734569015113,-73.228545455157
"Cup and Char Pepperoni, Inc.",81 Dingens Street,Buffalo,NY,14206,1,0,0,1,0,0,0,0,0,0,0,0,0,0,0,"81 Dingens Street, Buffalo, NY 14206",42.877824545006,-78.813081677429
D'Empanadas,1110 Rogers Avenue,Brooklyn,NY,11226,1,0,0,1,0,0,0,0,0,0,0,0,0,0,0,"1110 Rogers Avenue, Brooklyn, NY 11226",40.642780448131,-73.951698174999
DAIRY MAID RAVIOLI MFG. CORP.,214 AVENUE U,BROOKLYN,NY,11223,1,0,0,1,0,0,0,0,0,0,0,0,0,0,0,"214 AVENUE U, BROOKLYN, NY 11223",40.596594706185,-73.976168103147
Damn Good Foods Inc.,1002 Hudson Ave.,Stillwater,NY,12170,1,0,0,1,0,0,0,0,0,0,0,0,0,0,0,"1002 Hudson Ave., Stillwater, NY 12170",42.947004565852,-73.64536751182
Damn Good Foods Inc.,7 Tent Lane,Stillwater,NY,12170,1,0,0,1,0,0,0,0,0,0,0,0,0,0,0,"7 Tent Lane, Stillwater, NY 12170",42.954247901046,-73.636451238996
"Dave Rama, Inc. (The Cattle Exchange)",4236 County Hwy 18,Delhi,NY,13753,1,0,0,0,1,0,0,0,0,1,0,0,0,0,0,"4236 County Hwy 18, Delhi, NY 13753",42.310428591604,-74.8359190135
"David Mosner, Inc.",355 Food Center Drive,Bronx,NY,10474,1,0,0,1,0,0,0,0,0,1,0,0,0,0,0,"355 Food Center Drive, Bronx, NY 10474",40.806204912953,-73.871041997208
Davis Bros. Inc.,4521 County Route 4,Oswego,NY,13126,1,0,0,1,0,0,0,0,0,1,0,0,0,0,0,"4521 County Route 4, Oswego, NY 13126",43.447486791255,-76.468041729394
Davis Livestock Sales,952 US Highway 11,Gouverneur,NY,13642,1,0,0,0,1,0,0,0,0,1,0,0,0,0,0,"952 US Highway 11, Gouverneur, NY 13642",44.311848078562,-75.498257209577
DeSola Provisions Corp.,355 Food Center Drive Building B18,Bronx,NY,10474,1,0,0,1,0,0,0,0,0,1,0,0,0,0,0,"355 Food Center Drive Building B18, Bronx, NY 10474",40.806204912953,-73.871041997208
"Del Caribe Meat, Inc",1212 Brook Avenue,Bronx,NY,10456,1,0,0,1,0,0,0,0,0,0,0,0,0,0,0,"1212 Brook Avenue, Bronx, NY 10456",40.831310944445,-73.909104163078
Delarm & Treadway Auction Services,PO Box 67,Antwerp,NY,13608,1,0,0,0,1,0,0,0,0,0,0,0,0,0,0,"PO Box 67, Antwerp, NY 13608",44.236273,-75.624084
Delicious Specialty Foods Corp.,1698 Main Street 1st Floor,Peekskill,NY,10566,1,0,0,1,0,0,0,0,0,0,0,0,0,0,0,"1698 Main Street 1st Floor, Peekskill, NY 10566",41.293725553621,-73.907404087277
"Dim Sum Factory, Inc.",15011 14th Avenue,Whitestone,NY,11357,1,0,0,1,0,0,0,0,0,0,0,0,0,0,0,"15011 14th Avenue, Whitestone, NY 11357",40.788960071939,-73.813536465511
"Dim Sum Factory, Inc.",4235 Main Street Unit CC,Flushing,NY,11355,1,0,0,1,0,0,0,0,0,0,0,0,0,0,0,"4235 Main Street Unit CC, Flushing, NY 11355",40.75437951929,-73.827798823617
"Dino's Sausage & Meat Co., Inc.",722 Catherine Street,UTICA,NY,13501,1,0,0,1,0,0,0,0,0,0,0,0,0,0,0,"722 Catherine Street, UTICA, NY 13501",43.099572298104,-75.216257065311
"Diverse Food Products, LLC",8242 Loop Road,Baldwinsville,NY,13027,1,0,0,1,0,0,0,0,0,0,0,0,0,0,0,"8242 Loop Road, Baldwinsville, NY 13027",43.170182626624,-76.302623897948
Double K Livestock Sales Inc.,3180 Turnpike Road,Sennett,NY,13021,1,0,0,0,1,0,0,0,0,1,0,0,0,0,0,"3180 Turnpike Road, Sennett, NY 13021",42.995722232381,-76.529850285093
Double L Ranch Inc.,7181 Dunnsville Road,Altamont,NY,12009,1,0,1,1,0,0,0,0,0,0,0,0,0,0,0,"7181 Dunnsville Road, Altamont, NY 12009",42.746402847988,-74.015209332966
"Down the Road Butchery, LLC",174 Battenfield Road,Milan,NY,12571,1,0,0,1,0,0,0,0,0,0,0,0,0,0,0,"174 Battenfield Road, Milan, NY 12571",41.98068740299,-73.804697501042
DuFour Gourmet,4337 9th Street,Long Island City,NY,11101,1,0,0,1,0,0,0,0,0,0,0,0,0,0,0,"4337 9th Street, Long Island City, NY 11101",40.751347228368,-73.950595132333
Dudley Poultry Company,910 State Route 245,Middlesex,NY,14507,1,0,0,1,0,0,0,0,0,0,0,0,0,0,0,"910 State Route 245, Middlesex, NY 14507",42.718981881152,-77.264452690121
"E123 Enterprises, LLC",355 Food Center Drive E3,Bronx,NY,10474,1,0,0,1,0,0,0,0,0,0,0,0,0,0,0,"355 Food Center Drive E3, Bronx, NY 10474",40.806204912953,-73.871041997208
Eagle Bridge Custom Meat and Smokehouse,139 Center Road,Eagle Bridge,NY,12057,1,0,1,1,0,0,0,0,0,1,0,0,0,0,0,"139 Center Road, Eagle Bridge, NY 12057",42.960883380481,-73.392152239612
"Edelweiss Meat Company, LLC",12 Old Myers Drive,Albany,NY,12205,1,0,0,1,0,0,0,0,0,0,0,0,0,0,0,"12 Old Myers Drive, Albany, NY 12205",42.690463225002,-73.783222337516
"Elk Provision Co., Inc.",1260 Clinton Street,Buffalo,NY,14206,1,0,0,1,0,0,0,0,0,0,0,0,0,0,0,"1260 Clinton Street, Buffalo, NY 14206",42.8754567767,-78.828658734277
Empire Custom Processing LLC,430 NYS Route 8,Bridgewater,NY,13313,1,0,1,1,0,0,0,0,0,1,0,0,0,0,0,"430 NYS Route 8, Bridgewater, NY 13313",42.884395338075,-75.249735459336
Empire Livestock LLC – Bath,7418 Route 415 North,Bath,NY,14810,1,0,0,0,1,0,0,0,0,1,0,0,0,0,0,"7418 Route 415 North, Bath, NY 14810",42.359977378956,-77.354173021353
Empire Livestock LLC – Central Bridge,872 Route 30A (PO Box 279),Central Bridge,NY,12035,1,0,0,0,1,0,0,0,0,1,0,0,0,0,0,"872 Route 30A (PO Box 279), Central Bridge, NY 12035",42.727777496124,-74.335843605854
Empire Livestock LLC – Cherry Creek,6732 Pickup Hill Road,Cherry Creek,NY,14723,1,0,0,0,1,0,0,0,0,1,0,0,0,0,0,"6732 Pickup Hill Road, Cherry Creek, NY 14723",42.292421488059,-79.11349108473
Empire Livestock LLC – Dryden,49 East Main Street,Dryden,NY,13053,1,0,0,0,1,0,0,0,0,1,0,0,0,0,0,"49 East Main Street, Dryden, NY 13053",42.490778671976,-76.292508642179
Empire Livestock LLC – Pavilion,357 Lake Street,Pavilion,NY,14525,1,0,0,0,1,0,0,0,0,1,0,0,0,0,0,"357 Lake Street, Pavilion, NY 14525",42.931505779487,-78.019117535229
Empire Livestock LLC – Vernon,11 Ruth Street,Vernon,NY,13476,1,0,0,0,1,0,0,0,0,1,0,0,0,0,0,"11 Ruth Street, Vernon, NY 13476",43.076810894104,-75.538870215201
Empire Livestock Marketing (Bath),7418 Route 415 North,Bath,NY,14810,1,0,0,0,1,0,0,0,0,1,0,0,0,0,0,"7418 Route 415 North, Bath, NY 14810",42.359977378956,-77.354173021353
Empire Livestock Marketing (Central Bridge),872 Route 30A (PO Box 279),Central Bridge,NY,12035,1,0,0,0,1,0,0,0,0,1,0,0,0,0,0,"872 Route 30A (PO Box 279), Central Bridge, NY 12035",42.727777496124,-74.335843605854
Empire Livestock Marketing (Vernon),11 Ruth Street,Vernon,NY,13476,1,0,0,0,1,0,0,0,0,1,0,0,0,0,0,"11 Ruth Street, Vernon, NY 13476",43.076810894104,-75.538870215201
"Espuna, LLC",20 Harrison Street,Gloversville,NY,12078,1,0,0,1,0,0,0,0,0,0,0,0,0,0,0,"20 Harrison Street, Gloversville, NY 12078",43.03399830034,-74.354563571981
"European Food Market, LLC",364 Ryer Road,Narrowsburg,NY,12764,1,0,0,1,0,0,0,0,0,0,0,0,0,0,0,"364 Ryer Road, Narrowsburg, NY 12764",41.59662946458,-74.923726563251
F-16 Custom Cuts LLC,355 Food Center Drive Unit F16,Bronx,NY,10474,1,0,0,1,0,0,0,0,0,0,0,0,0,0,0,"355 Food Center Drive Unit F16, Bronx, NY 10474",40.806204912953,-73.871041997208
"Farmingdale Meat Market, Inc., DBA Main Street Wholesale Meats",210 Main Street,Farmingdale,NY,11735,1,0,0,1,0,0,0,0,0,0,0,0,0,0,0,"210 Main Street, Farmingdale, NY 11735",40.733580314666,-73.446070655814
"Finger Food Products, LLC",6400 Inducon Drive West,Sanborn,NY,14132,1,0,0,1,0,0,0,0,0,0,0,0,0,0,0,"6400 Inducon Drive West, Sanborn, NY 14132",43.111908154675,-78.918087668874
"Five Goods, Inc.",239 54th Avenue,Long Island City,NY,11101,1,0,0,1,0,0,0,0,0,0,0,0,0,0,0,"239 54th Avenue, Long Island City, NY 11101",40.740710215968,-73.958563810251
"Five Star Food Products, Inc.",999 South Oyster Bay Road Building 400,Bethpage,NY,11714,1,0,0,1,0,0,0,0,0,0,0,0,0,0,0,"999 South Oyster Bay Road Building 400, Bethpage, NY 11714",40.750538402597,-73.501902095334
"Five Star Meat, Inc., DBA Emir Halal",69-80 75th Street,Middle Village,NY,11379,1,0,0,1,0,0,0,0,0,0,0,0,0,0,0,"69-80 75th Street, Middle Village, NY 11379",40.707453010509,-73.87576411075
"Fleish Yavesh, Inc.",11 Prospect Ave.,Hewlett,NY,11557,1,0,0,1,0,0,0,0,0,0,0,0,0,0,0,"11 Prospect Ave., Hewlett, NY 11557",40.648544375155,-73.688436007913
Flushing Meat,306 Stagg Street,Brooklyn,NY,11206,1,0,0,1,0,0,0,0,0,0,0,0,0,0,0,"306 Stagg Street, Brooklyn, NY 11206",40.710074483573,-73.93683088655
Ford Brothers Wholesale Meats Inc,9129 Rt 219,West Valley,NY,14171,1,0,0,1,0,0,0,0,0,0,0,0,0,0,0,"9129 Rt 219, West Valley, NY 14171",42.398011559806,-78.67866291603
"Forest Pork Store, Inc.",6639 Forest Avenue,Ridgewood,NY,11385,1,0,0,1,0,0,0,0,0,0,0,0,0,0,0,"6639 Forest Avenue, Ridgewood, NY 11385",40.706679059436,-73.902876952543
Foss Livestock Buying Station LLC,10703 Tinkham Road,Darien Center,NY,14040,1,0,0,0,1,0,0,0,0,1,0,0,0,0,0,"10703 Tinkham Road, Darien Center, NY 14040",42.894757765878,-78.367295727561
"Frank Wardynski & Sons, Inc.",336 Peckham Street,Buffalo,NY,14206,1,0,0,1,0,0,0,0,0,1,0,0,0,0,0,"336 Peckham Street, Buffalo, NY 14206",42.887910822145,-78.841957154129
"G & L Meat Company, Inc.",111 Gateway Park Drive,North Syracuse,NY,13212,1,0,0,1,0,0,0,0,0,0,0,0,0,0,0,"111 Gateway Park Drive, North Syracuse, NY 13212",43.123534501133,-76.129144279896
"GB Green Gastronome, LLC",220-13 Jamaica Avenue,Queens Village,NY,11428,1,0,0,1,0,0,0,0,0,0,0,0,0,0,0,"220-13 Jamaica Avenue, Queens Village, NY 11428",40.719084734031,-73.734234429598
Gabriele Properties Holding LLC,255 Mohawk Avenue,Scotia,NY,12302,1,0,0,1,0,0,0,0,0,0,0,0,0,0,0,"255 Mohawk Avenue, Scotia, NY 12302",42.827433896933,-73.967331884955
"Garden Manor Farms, Inc.",355 Food Center Unit F-11,Bronx,NY,10474,1,0,0,1,0,0,0,0,0,0,0,0,0,0,0,"355 Food Center Unit F-11, Bronx, NY 10474",40.806204912953,-73.871041997208
"Gene Wood's Auction Service, Inc.",5608 Short Street,Cincinnatus,NY,13040,1,0,0,0,1,0,0,0,0,1,0,0,0,0,0,"5608 Short Street, Cincinnatus, NY 13040",42.546391070032,-75.905578049488
Gentner Commission Market Inc.,341 West Main Street,Springville,NY,14141,1,0,0,0,1,0,0,0,0,1,0,0,0,0,0,"341 West Main Street, Springville, NY 14141",42.509099038814,-78.680141634734
Glatt Boy's Inc.,355 Food Center Drive E-14,Bronx,NY,10474,1,0,0,1,0,0,0,0,0,0,0,0,0,0,0,"355 Food Center Drive E-14, Bronx, NY 10474",40.806204912953,-73.871041997208
Glazier Packing Company Inc.,7170 US HIghway 11,Potsdam,NY,13676,1,0,0,1,0,0,0,0,0,0,0,0,0,0,0,"7170 US HIghway 11, Potsdam, NY 13676",44.648746547774,-75.049981209821
Golden Krust Patties Inc.,3958 Park Avenue,Bronx,NY,10457,1,0,0,1,0,0,0,0,0,0,0,0,0,0,0,"3958 Park Avenue, Bronx, NY 10457",40.841723280599,-73.902355514624
"Golden Meat Co., LLC","355 Food Center Drive Units #D22, D23, D24",Bronx,NY,10474,1,0,0,1,0,0,0,0,0,0,0,0,0,0,0,"355 Food Center Drive Units #D22, D23, D24, Bronx, NY 10474",40.806204912953,-73.871041997208
"Gondola Brand Macaroni Products, Inc",1985 Niagara Street,Buffalo,NY,14207,1,0,0,1,0,0,0,0,0,0,0,0,0,0,0,"1985 Niagara Street, Buffalo, NY 14207",42.938068421724,-78.904006704173
"Gourmet Boutique, LLC",144-02 158th Street,Jamaica,NY,11434,1,0,0,1,0,0,0,0,0,0,0,0,0,0,0,"144-02 158th Street, Jamaica, NY 11434",40.665603190338,-73.779077448099
"Gourmet Boutique, LLC SAT",165-35 145th Drive,Jamaica,NY,11434,1,0,0,1,0,0,0,0,0,0,0,0,0,0,0,"165-35 145th Drive, Jamaica, NY 11434",40.662210103008,-73.775148982608
Green Top Farms,324 Maujer Street,Brooklyn,NY,11206,1,0,0,1,0,0,0,0,0,0,0,0,0,0,0,"324 Maujer Street, Brooklyn, NY 11206",40.712023422615,-73.936998920536
Grizzly's Custom Cutting Inc.,10042 South River Road,Hunt,NY,14846,1,0,1,1,0,0,0,0,0,0,0,0,0,0,0,"10042 South River Road, Hunt, NY 14846",42.540225301408,-78.030291126672
Grossglockner Inc.,2640 Brickyard Road,Canandaiqua,NY,14424,1,0,0,1,0,0,0,0,0,0,0,0,0,0,0,"2640 Brickyard Road, Canandaiqua, NY 14424",42.902736835794,-77.304365231719
"Grossglockner, Inc.",5560 Airport Road,Canadaigua,NY,14424,1,0,0,1,0,0,0,0,0,0,0,0,0,0,0,"5560 Airport Road, Canadaigua, NY 14424",42.912225521527,-77.30760113428
HAPPY VALLEY MEAT CO.,185 Van Dyke Street,Brooklyn,NY,11222,1,0,1,1,0,0,0,0,0,1,0,0,0,0,0,"185 Van Dyke Street, Brooklyn, NY 11222",40.677590389061,-74.017639450874
HM Halal Munchies Corp.,300 Michael Drive,Syosset,NY,11791,1,0,0,1,0,0,0,0,0,0,0,0,0,0,0,"300 Michael Drive, Syosset, NY 11791",40.803340449611,-73.516077641435
HTE Food Corp.,1510  130th Street Unit C,College Point,NY,11356,1,0,0,1,0,0,0,0,0,0,0,0,0,0,0,"1510  130th Street Unit C, College Point, NY 11356",40.784505134885,-73.838619668545
"HVFG, LLC",346 Airport Road,Mongaup Valley,NY,12762,1,0,0,1,0,0,0,0,0,0,0,0,0,0,0,"346 Airport Road, Mongaup Valley, NY 12762",41.696392142038,-74.798518286784
"Ham Slices, LLC",600 East 132nd Street Unit B,Bronx,NY,10454,1,0,0,1,0,0,0,0,0,0,0,0,0,0,0,"600 East 132nd Street Unit B, Bronx, NY 10454",40.802835947232,-73.92025355187
Hamilton Meats Supply Inc.,1451 Pennsylvania Avenue,Pine City,NY,14871,1,0,0,1,0,0,0,0,0,0,0,0,0,0,0,"1451 Pennsylvania Avenue, Pine City, NY 14871",42.041774904304,-76.858309503431
Hanzlian's Sausage & Deli,2351 Genesee Street,Cheektowaga,NY,14225,1,0,0,1,0,0,0,0,0,0,0,0,0,0,0,"2351 Genesee Street, Cheektowaga, NY 14225",42.919150008994,-78.796199915088
Hartland Abattoir Corp,7968 Ridge Road,Gasport,NY,14067,1,0,1,1,0,0,0,0,0,0,0,0,0,0,0,"7968 Ridge Road, Gasport, NY 14067",43.240187982647,-78.589204413651
"Hearty Acquisitions, LLC",276 Stagg Street,Brooklyn,NY,11206,1,0,0,1,0,0,0,0,0,0,0,0,0,0,0,"276 Stagg Street, Brooklyn, NY 11206",40.70995408711,-73.938120717684
"Heinsen Products, Inc.",320 Casanova Street,Bronx,NY,10474,1,0,0,1,0,0,0,0,0,0,0,0,0,0,0,"320 Casanova Street, Bronx, NY 10474",40.806700580443,-73.888204005248
Hempstead Foodservice Inc.,52 Chasner Street,Hempstead,NY,11550,1,0,0,1,0,0,0,0,0,0,0,0,0,0,0,"52 Chasner Street, Hempstead, NY 11550",40.703331908571,-73.629149392841
"Highland Hollow Farm, LLC",322 Colby Road,Schoharie,NY,12157,1,0,0,1,0,0,0,0,0,0,0,0,0,0,0,"322 Colby Road, Schoharie, NY 12157",42.652687484259,-74.287122033618
Hilltown Country Smokehouse LLC,786 US Route 20,New Lebanon,NY,12125,1,0,0,1,0,0,0,0,0,1,0,0,0,0,0,"786 US Route 20, New Lebanon, NY 12125",42.466923380725,-73.41521746832
Hilltown Pork Inc.,12948 State Route 22,Canaan,NY,12029,1,0,1,1,0,0,0,0,0,1,0,0,0,0,0,"12948 State Route 22, Canaan, NY 12029",42.369375405757,-73.431167714274
Hofmann Sausage,6196 Eastern Avenue,Syracuse,NY,13211,1,0,0,1,0,0,0,0,0,0,0,0,0,0,0,"6196 Eastern Avenue, Syracuse, NY 13211",43.09469751522,-76.090568618898
Hoskie Co. Inc.,132 Harrison Place,Brooklyn,NY,11237,1,0,0,1,0,0,0,0,0,0,0,0,0,0,0,"132 Harrison Place, Brooklyn, NY 11237",40.706831006943,-73.928554594026
Hosking Sales LLC,6096 State Highway 8,New Berlin,NY,13411,1,0,0,0,1,0,0,0,0,0,0,0,0,0,0,"6096 State Highway 8, New Berlin, NY 13411",42.707789731748,-75.318716255141
"House of Solomon, LLC",611 Bergen Street,Brooklyn,NY,11238,1,0,0,1,0,0,0,0,0,0,0,0,0,0,0,"611 Bergen Street, Brooklyn, NY 11238",40.679720123905,-73.969364421608
Huang's Meat Trading,4114 3rd Avenue Store Front,Brooklyn,NY,11232,1,0,0,1,0,0,0,0,0,0,0,0,0,0,0,"4114 3rd Avenue Store Front, Brooklyn, NY 11232",40.65272378152,-74.00964732357
"Hudson Foods Venture, LLC",7 Dock Street,Hudson,NY,12534,1,0,0,1,0,0,0,0,0,0,0,0,0,0,0,"7 Dock Street, Hudson, NY 12534",42.258387385717,-73.792960668792
"Hudson Valley Charcuterie, LLC",111 County Route 34,East Chatham,NY,12060,1,0,0,1,0,0,0,0,0,0,0,0,0,0,0,"111 County Route 34, East Chatham, NY 12060",42.466474806281,-73.463665591676
Hudson Valley Craft Sausage LLC,72 Grace Church Street,Port Chester,NY,10573,1,0,0,1,0,0,0,0,0,0,0,0,0,0,0,"72 Grace Church Street, Port Chester, NY 10573",40.995338732651,-73.664753948158
"Ian's Corporation, DBA Hudson River Foods",22 Hamilton Way,Castleton,NY,12033,1,0,0,1,0,0,0,0,0,0,0,0,0,0,0,"22 Hamilton Way, Castleton, NY 12033",42.54058081775,-73.752765689861
J Martin Auctions LLC / Lakeview Holsteins,1036 State Route 318,Waterloo,NY,13165,1,0,0,0,1,0,0,0,0,1,0,0,0,0,0,"1036 State Route 318, Waterloo, NY 13165",42.954365780463,-76.89654901123
"JAS Meats, Inc.",136 21st Street,Brooklyn,NY,11232,1,0,0,1,0,0,0,0,0,0,0,0,0,0,0,"136 21st Street, Brooklyn, NY 11232",40.663444096878,-73.997008877198
JD Meat Market,1375 Ogden Avenue,Bronx,NY,10452,1,0,0,1,0,0,0,0,0,0,0,0,0,0,0,"1375 Ogden Avenue, Bronx, NY 10452",40.841895755288,-73.924641238346
JDM Specialty Foods,250 East 14th Street,Elmira,NY,14903,1,0,0,1,0,0,0,0,0,0,0,0,0,0,0,"250 East 14th Street, Elmira, NY 14903",42.129301918105,-76.821970287953
"JMartin Auctions, LLC",2456 Route 14,Penn Yan,NY,14527,1,0,0,0,1,0,0,0,0,1,0,0,0,0,0,"2456 Route 14, Penn Yan, NY 14527",42.643629960122,-76.943914869844
JOSEF MEILLER SLAUGHTERHOUSE INC.,ROUTE 199 P.O. BOX 131,PINE PLAINS,NY,12567,1,0,1,1,0,0,0,0,0,0,0,0,0,0,0,"ROUTE 199 P.O. BOX 131, PINE PLAINS, NY 12567",41.976283010861,-73.642678301315
Jack Toney Wholesale Meats,3872 Main Street,Warrensburg,NY,12885,1,0,0,1,0,0,0,0,0,0,0,0,0,0,0,"3872 Main Street, Warrensburg, NY 12885",43.496952843319,-73.776248254679
Jackiscooking LLC,90 Wiltsie Bridge Road,Ancramdale,NY,12503,1,0,0,1,0,0,0,0,0,0,0,0,0,0,0,"90 Wiltsie Bridge Road, Ancramdale, NY 12503",42.07167659607,-73.58797879614
"Jamaican Flavors Patties, Inc.",147-95A Farmers Boulevard,Jamaica,NY,11434,1,0,0,1,0,0,0,0,0,0,0,0,0,0,0,"147-95A Farmers Boulevard, Jamaica, NY 11434",40.659679694565,-73.773604725162
Janowski Hamburgers,15 South Long Beach Road,Rockville Centre,NY,11570,1,0,0,1,0,0,0,0,0,0,0,0,0,0,0,"15 South Long Beach Road, Rockville Centre, NY 11570",40.654410446513,-73.634367552507
"Japan Premium Beef, Inc.",B23 Hunts Point Co-Op Market Unit 2F,Bronx,NY,10474,1,0,0,1,0,0,0,0,0,0,0,0,0,0,0,"B23 Hunts Point Co-Op Market Unit 2F, Bronx, NY 10474",40.808113687782,-73.873510577666
Jefferds Livestock,464 Rt. 446,Cuba,NY,14727,1,0,0,0,1,0,0,0,0,1,0,0,0,0,0,"464 Rt. 446, Cuba, NY 14727",42.205763842455,-78.332869392218
"Jimmy E, Inc.",5600 1st Avenue Unit A23,Brooklyn,NY,11220,1,0,0,1,0,0,0,0,0,0,0,0,0,0,0,"5600 1st Avenue Unit A23, Brooklyn, NY 11220",40.647141229419,-74.022635037924
Joe Pagliuso & Brothers Inc.,6845 North Slocum Rd,Ontario,NY,14519,1,0,1,1,0,0,0,0,0,0,0,0,0,0,0,"6845 North Slocum Rd, Ontario, NY 14519",43.246013585116,-77.324428527397
"John W. Williams, Inc.","355 Food Center Drive Units F14, 15, and 15A",Bronx,NY,10474,1,0,0,1,0,0,0,0,0,0,0,0,0,0,0,"355 Food Center Drive Units F14, 15, and 15A, Bronx, NY 10474",40.806204912953,-73.871041997208
"John's Meats, LLC",998 Montgomery Street,Brooklyn,NY,11213,1,0,0,1,0,0,0,0,0,0,0,0,0,0,0,"998 Montgomery Street, Brooklyn, NY 11213",40.664287771282,-73.931618903294
John's Ravioli Company Inc.,15 Drake Avenue,New Rochelle,NY,10805,1,0,0,1,0,0,0,0,0,0,0,0,0,0,0,"15 Drake Avenue, New Rochelle, NY 10805",40.902456639291,-73.78939047278
Johnson's Premium Sausage,606 South Main Street,Elmira,NY,14904,1,0,0,1,0,0,0,0,0,0,0,0,0,0,0,"606 South Main Street, Elmira, NY 14904",42.075344550582,-76.801579882074
K-D Market Inc.,88 Mulberry Street,New York,NY,10013,1,0,0,1,0,0,0,0,0,0,0,0,0,0,0,"88 Mulberry Street, New York, NY 10013",40.716638427363,-73.998790857189
Kassian Farms LLC,500 East 132nd Street,Bronx,NY,10454,1,0,0,1,0,0,0,0,0,0,0,0,0,0,0,"500 East 132nd Street, Bronx, NY 10454",40.803600689719,-73.922050239223
Kelley Meats LLC,8937 Beckwith Road,Taberg,NY,13471,1,0,1,1,0,0,0,0,0,1,0,0,0,0,0,"8937 Beckwith Road, Taberg, NY 13471",43.288586056779,-75.615410886431
Kennedy Meat Market,280 Route 394,Randolph,NY,14772,1,0,1,1,0,0,0,0,0,0,0,0,0,0,0,"280 Route 394, Randolph, NY 14772",42.167533553137,-78.999180339891
Kerr's Custom Butchering,149 Cottage Rd,South Dayton,NY,14138,1,0,1,1,0,0,0,0,0,0,0,0,0,0,0,"149 Cottage Rd, South Dayton, NY 14138",42.43878696734,-79.071078692875
King Solomon Foods inc.,5600 1st Avenue  Unit B,Brooklyn,NY,11220,1,0,0,1,0,0,0,0,0,0,0,0,0,0,0,"5600 1st Avenue  Unit B, Brooklyn, NY 11220",40.647141229419,-74.022635037924
Kingsland Food Processing Corp.,57-11 49th Place,Maspeth,NY,11378,1,0,0,1,0,0,0,0,0,0,0,0,0,0,0,"57-11 49th Place, Maspeth, NY 11378",40.721931899665,-73.919181697992
Kiryas Joel Poultry Processing Plant,7 Dinev Road,Monroe,NY,10950,1,0,0,1,0,0,0,0,0,0,0,0,0,0,0,"7 Dinev Road, Monroe, NY 10950",41.337375151732,-74.159263535367
Kosher R Us,5600 First Avenue Unit A8,Brooklyn,NY,11204,1,0,0,1,0,0,0,0,0,0,0,0,0,0,0,"5600 First Avenue Unit A8, Brooklyn, NY 11204",40.647141229419,-74.022635037924
Kraft Heinz Foods Company,140 Spring Street,Avon,NY,14414,1,0,0,1,0,0,0,0,0,0,0,0,0,0,0,"140 Spring Street, Avon, NY 14414",42.906420743564,-77.753420948784
Kroll Farms Inc.,155 Bethlehem Road,New Windsor,NY,12553,1,0,1,1,0,0,0,0,0,0,0,0,0,0,0,"155 Bethlehem Road, New Windsor, NY 12553",41.458122790524,-74.095837309666
"LIC COM, LLC",509 Manida Street,bronx,NY,10474,1,0,0,1,0,0,0,0,0,0,0,0,0,0,0,"509 Manida Street, bronx, NY 10474",40.810240096877,-73.887358106361
"La Trafila, LLC",65 15th Street,Brooklyn,NY,11215,1,0,0,1,0,0,0,0,0,0,0,0,0,0,0,"65 15th Street, Brooklyn, NY 11215",40.668051005141,-73.994309201747
La mina Meat& Provisions Corp.,119 Stockholm Street,Brooklyn,NY,11221,1,0,0,1,0,0,0,0,0,0,0,0,0,0,0,"119 Stockholm Street, Brooklyn, NY 11221",40.698296941233,-73.924065344373
"LaGustosa Food Products & Imports Co., Inc.",402 Franklin Avenue,Franklin Square,NY,11010,1,0,0,1,0,0,0,0,0,0,0,0,0,0,0,"402 Franklin Avenue, Franklin Square, NY 11010",40.69748501596,-73.68241453391
Lamoy Meat Market Corp.,427 39th Street,Brooklyn,NY,11232,1,0,0,1,0,0,0,0,0,0,0,0,0,0,0,"427 39th Street, Brooklyn, NY 11232",40.652296928526,-74.005498595258
"Lancaster Quality Pork, Inc.",5600 First Avenue Building A-25,Brooklyn,NY,11220,1,0,0,1,0,0,0,0,0,0,0,0,0,0,0,"5600 First Avenue Building A-25, Brooklyn, NY 11220",40.647141229419,-74.022635037924
"Latina Boulevard Foods, LLC",1 Scrivner Drive,Cheektowaga,NY,14227,1,0,0,1,0,0,0,0,0,0,0,0,0,0,0,"1 Scrivner Drive, Cheektowaga, NY 14227",42.870349532456,-78.750331422177
Les Chateaux DeFrance Inc,1 Craft Avenue,Inwood,NY,11096,1,0,0,1,0,0,0,0,0,0,0,0,0,0,0,"1 Craft Avenue, Inwood, NY 11096",40.613794615948,-73.754284150925
"Li Chuen Company, Inc.",861 Grand Street,New York,NY,11211,1,0,0,1,0,0,0,0,0,0,0,0,0,0,0,"861 Grand Street, New York, NY 11211",40.712347581955,-73.939317219002
"LiDestri Foods, Inc.",1020 Lee Road,Rochester,NY,14606,1,0,0,1,0,0,0,0,0,0,0,0,0,0,0,"1020 Lee Road, Rochester, NY 14606",43.184471532153,-77.680400330893
"LiDestri Foods, Inc.",815 W Whitney Road,Fairport,NY,14450,1,0,0,1,0,0,0,0,0,0,0,0,0,0,0,"815 W Whitney Road, Fairport, NY 14450",43.10843245282,-77.448772032228
"Lo Fuk Yuen By Dim Sum Shop, Inc.",7303 New Utrecht Avenue,Brooklyn,NY,11204,1,0,0,1,0,0,0,0,0,0,0,0,0,0,0,"7303 New Utrecht Avenue, Brooklyn, NY 11204",40.617324062524,-73.999433880377
Locust Grove Farm,4725 State Route 40,Argyle,NY,12809,1,0,1,1,0,0,0,0,0,0,0,0,0,0,0,"4725 State Route 40, Argyle, NY 12809",43.217185881022,-73.488295618772
London Manhattan Corp.,355 Food Center Drive Units C23 and C24,Bronx,NY,10474,1,0,0,1,0,0,0,0,0,0,0,0,0,0,0,"355 Food Center Drive Units C23 and C24, Bronx, NY 10474",40.806204912953,-73.871041997208
Loose Goose Kitchenworks,13056 State Route 22,Canaan,NY,12029,1,0,0,1,0,0,0,0,0,0,0,0,0,0,0,"13056 State Route 22, Canaan, NY 12029",42.376483826936,-73.428969780193
"Los Olivos, Ltd.",105 Bi County Boulevard,Farmingdale,NY,11735,1,0,0,1,0,0,0,0,0,0,0,0,0,0,0,"105 Bi County Boulevard, Farmingdale, NY 11735",40.72567118867,-73.4283262306
Los Primos Meats Inc.,305 Maujer Street,Brooklyn,NY,11206,1,0,0,1,0,0,0,0,0,0,0,0,0,0,0,"305 Maujer Street, Brooklyn, NY 11206",40.712016202359,-73.937471224279
Lou G Siegel,58 Dobbin Street,Brooklyn,NY,11222,1,0,0,1,0,0,0,0,0,0,0,0,0,0,0,"58 Dobbin Street, Brooklyn, NY 11222",40.72419303687,-73.953952925478
Lupo's Quality Deli,625 Dickson Street,Endicott,NY,13760,1,0,0,1,0,0,0,0,0,0,0,0,0,0,0,"625 Dickson Street, Endicott, NY 13760",42.09466648289,-76.076270882899
M&P Production LTD,830 39th Street,Brooklyn,NY,11232,1,0,0,1,0,0,0,0,0,0,0,0,0,0,0,"830 39th Street, Brooklyn, NY 11232",40.646804034388,-73.996649931086
MEAT BAR INC.,153-07 ROCKAWAY BLVD.,JAMAICA,NY,11434,1,0,0,1,0,0,0,0,0,0,0,0,0,0,0,"153-07 ROCKAWAY BLVD., JAMAICA, NY 11434",40.670254298551,-73.783249868171
MELONE BROTHERS INC,17 Hooker Place,Staten Island,NY,10302,1,0,0,1,0,0,0,0,0,0,0,0,0,0,0,"17 Hooker Place, Staten Island, NY 10302",40.630519581007,-74.14038112243
MF Meats,2063 Allen Street Extension,Falconer,NY,14733,1,0,0,1,0,0,0,0,0,0,0,0,0,0,0,"2063 Allen Street Extension, Falconer, NY 14733",42.11202186165,-79.195720478518
Macelleria DeMaria LLC,500 Croton Avenue,Cortland Manor,NY,10567,1,0,1,1,0,0,0,0,0,0,0,0,0,0,0,"500 Croton Avenue, Cortland Manor, NY 10567",41.269730013166,-73.853552449822
Making Ends,254 36th Street,Brooklyn,NY,11232,1,0,0,1,0,0,0,0,0,0,0,0,0,0,0,"254 36th Street, Brooklyn, NY 11232",40.656180991553,-74.00764047504
"Malafy's Meat Processing, LLC",287 Milan Hill Road,Red Hook,NY,12571,1,0,1,1,0,0,0,0,0,0,0,0,0,0,0,"287 Milan Hill Road, Red Hook, NY 12571",41.984235539301,-73.792225263905
Mannino's Wholesalers Corp,35 Marcus Boulevard,Hauppauge,NY,11788,1,0,0,1,0,0,0,0,0,0,0,0,0,0,0,"35 Marcus Boulevard, Hauppauge, NY 11788",40.809496089887,-73.246854090663
Maplehurst Livestock Market Inc,1421 Kent Road,Hinsdale,NY,14743,1,0,0,0,1,0,0,0,0,1,0,0,0,0,0,"1421 Kent Road, Hinsdale, NY 14743",42.196443622589,-78.383670182952
Marathon Enterprises Inc.,787 East 138th Street,Bronx,NY,10454,1,0,0,1,0,0,0,0,0,0,0,0,0,0,0,"787 East 138th Street, Bronx, NY 10454",40.803922306332,-73.910496430722
"Master Purveyors, Inc.",355 Food Center Drive Unit B14,Bronx,NY,10474,1,0,0,1,0,0,0,0,0,0,0,0,0,0,0,"355 Food Center Drive Unit B14, Bronx, NY 10474",40.806204912953,-73.871041997208
Mastroianni Food Distributor,20 Sam Stratton Road,Amsterdam,NY,12010,1,0,0,1,0,0,0,0,0,0,0,0,0,0,0,"20 Sam Stratton Road, Amsterdam, NY 12010",42.929257302301,-74.166130923808
"Mathew's Prime Meats, Inc.",245 Route 109,West Babylon,NY,11704,1,0,0,1,0,0,0,0,0,0,0,0,0,0,0,"245 Route 109, West Babylon, NY 11704",40.709464801806,-73.35553405497
Meat & Fisheries Processing Laboratory,State University of New York - Cobleskill 114 Rockland Lane,Cobleskill,NY,12043,1,0,1,1,0,0,0,0,0,0,0,0,0,0,0,"State University of New York - Cobleskill 114 Rockland Lane, Cobleskill, NY 12043",42.671244960239,-74.503685122333
"Meat King, Inc.",100 Van Brunt Street,Brooklyn,NY,11231,1,0,0,1,0,0,0,0,0,0,0,0,0,0,0,"100 Van Brunt Street, Brooklyn, NY 11231",40.683341466705,-74.006060570571
Meat Palace Corp.,640 Atkins Avenue,Brooklyn,NY,11208,1,0,0,1,0,0,0,0,0,0,0,0,0,0,0,"640 Atkins Avenue, Brooklyn, NY 11208",40.663310050803,-73.873770507427
Mecca Halal Poultry,36-27 32nd Street,Astoria,NY,11106,1,0,0,1,0,0,0,0,0,0,0,0,0,0,0,"36-27 32nd Street, Astoria, NY 11106",40.755718147054,-73.929266067605
Mega Meats,2824 Boston Post Rd,Bronx,NY,10469,1,0,0,1,0,0,0,0,0,0,0,0,0,0,0,"2824 Boston Post Rd, Bronx, NY 10469",40.867112651671,-73.860188617237
"Midland Meat Packing NY, Inc.",5600 First Avenue A-21,Brooklyn,NY,11220,1,0,0,1,0,0,0,0,0,0,0,0,0,0,0,"5600 First Avenue A-21, Brooklyn, NY 11220",40.647141229419,-74.022635037924
"Milan Provision Co., Inc.",108-15 Roosevelt Avenue,Corona,NY,11368,1,0,0,1,0,0,0,0,0,0,0,0,0,0,0,"108-15 Roosevelt Avenue, Corona, NY 11368",40.750905399556,-73.858322692887
"Milmar Food Group II, LLC",One 6 1/2 Station Rd.,Goshen,NY,10924,1,0,0,1,0,0,0,0,0,0,0,0,0,0,0,"One 6 1/2 Station Rd., Goshen, NY 10924",41.398046987843,-74.35870041106
Mineo and Sapio's,410 Connecticut Street,Buffalo,NY,14213,1,0,0,1,0,0,0,0,0,0,0,0,0,0,0,"410 Connecticut Street, Buffalo, NY 14213",42.906651069581,-78.886292659646
"Modern Market Wholesale, LLC",3538 California Road,Orchard Park,NY,14127,1,0,0,1,0,0,0,0,0,0,0,0,0,0,0,"3538 California Road, Orchard Park, NY 14127",42.787085715998,-78.786569951508
Mongiello Italian Cheese Specialties,250 Hilldale Road,Hurleyville,NY,12747,1,0,0,1,0,0,0,0,0,0,0,0,0,0,0,"250 Hilldale Road, Hurleyville, NY 12747",41.773321414852,-74.683096121614
"Moores Specialty Meat Products, Inc.",355 Food Center Drive Unit B22,Bronx,NY,10474,1,0,0,1,0,0,0,0,0,0,0,0,0,0,0,"355 Food Center Drive Unit B22, Bronx, NY 10474",40.806204912953,-73.871041997208
Morning Star Poultry,188 Tanners Rd,Fort Plain,NY,13339,1,0,0,1,0,0,0,0,0,0,0,0,0,0,0,"188 Tanners Rd, Fort Plain, NY 13339",42.884910451094,-74.667667338258
Mr. Pierogi,126 12th St,Brooklyn,NY,11215,1,0,0,1,0,0,0,0,0,1,0,0,0,0,0,"126 12th St, Brooklyn, NY 11215",40.669849431428,-73.993079627566
N S Brandon Packing Inc.,28 Church Street,Otego,NY,13825,1,0,1,1,0,0,0,0,0,0,0,0,0,0,0,"28 Church Street, Otego, NY 13825",42.393418227239,-75.174312721573
"NAT KAGAN MEAT & POULTRY, INC.",8 GREEN AVENUE,WOODRIDGE,NY,12789,1,0,0,1,0,0,0,0,0,0,0,0,0,0,0,"8 GREEN AVENUE, WOODRIDGE, NY 12789",41.709563957243,-74.572002318448
NY Delicacy Inc.,18006 Union Tpke,Fresh Meadows,NY,11366,1,0,0,1,0,0,0,0,0,0,0,0,0,0,0,"18006 Union Tpke, Fresh Meadows, NY 11366",40.726924323247,-73.787952231068
"NYS DOCS, OFFICE OF NUTRITIONAL SERVICES/FOOD PRODUCTION CENTER","EVANS DRIVE, P.O. BOX 4110 BUILDINGS #50 & #55",ROME,NY,13422,1,0,0,1,0,0,0,0,0,0,0,0,0,0,0,"EVANS DRIVE, P.O. BOX 4110 BUILDINGS #50 & #55, ROME, NY 13422",43.18434631389,-75.480059171918
Nathan's Soup & Salad,900 Jefferson Road Bldg. 3,Rochester,NY,14623,1,0,0,1,0,0,0,0,0,0,0,0,0,0,0,"900 Jefferson Road Bldg. 3, Rochester, NY 14623",43.08725036825,-77.614634818401
National Packing Corp.,538 Craven Street,Bronx,NY,10474,1,0,0,1,0,0,0,0,0,0,0,0,0,0,0,"538 Craven Street, Bronx, NY 10474",40.810101801229,-73.892025800206
Natures Way Food Corp,336 Barretto Street,Bronx,NY,10474,1,0,0,1,0,0,0,0,0,0,0,0,0,0,0,"336 Barretto Street, Bronx, NY 10474",40.807131615766,-73.887352680504
New Cheung's Meat Wholesale In,55-57 Montrose Ave,Brooklyn,NY,11206,1,0,0,1,0,0,0,0,0,0,0,0,0,0,0,"55-57 Montrose Ave, Brooklyn, NY 11206",40.706948704996,-73.94775065475
"New S & N Meat Market, Inc","5600 First Avenue Building A, Unit A14",Brooklyn,NY,11220,1,0,0,1,0,0,0,0,0,0,0,0,0,0,0,"5600 First Avenue Building A, Unit A14, Brooklyn, NY 11220",40.647141229419,-74.022635037924
"New York Beef Company, LLC",41 Stringham Road,Poughkeepsie,NY,12603,1,0,0,1,0,0,0,0,0,1,0,0,0,0,0,"41 Stringham Road, Poughkeepsie, NY 12603",41.651968896508,-73.802529287714
"New York Food Service, Inc.",C-16 Hunts Point Co-op Market,Bronx,NY,10474,1,0,0,1,0,0,0,0,0,0,0,0,0,0,0,"C-16 Hunts Point Co-op Market, Bronx, NY 10474",40.808113687782,-73.873510577666
New York Meat and Fish Market,125-127 Saint Ann's Avenue,Bronx,NY,10454,1,0,0,1,0,0,0,0,0,0,0,0,0,0,0,"125-127 Saint Ann's Avenue, Bronx, NY 10454",40.804980228,-73.918852295606
"New York Meat, Inc.",A-19 Hunt's Point Co-op Market,Bronx,NY,10474,1,0,0,1,0,0,0,0,0,0,0,0,0,0,0,"A-19 Hunt's Point Co-op Market, Bronx, NY 10474",40.806323,-73.87366
"Niagara Food Specialties USA, Inc.",10190 Roosevelt Highway,Lyndonville,NY,14098,1,0,0,1,0,0,0,0,0,0,0,0,0,0,0,"10190 Roosevelt Highway, Lyndonville, NY 14098",43.346356390684,-78.463763958052
"Niagara Specialty Foods, Inc.",2760 Elmwood Avenue,Kenmore,NY,14217,1,0,0,1,0,0,0,0,0,0,0,0,0,0,0,"2760 Elmwood Avenue, Kenmore, NY 14217",42.972681808543,-78.878788641933
Nicholas Meat LLC,508 E Valley Rd.,Loganton,PA,17747,NA,0,1,0,0,0,0,0,0,1,0,0,0,0,0,"508 E Valley Rd., Loganton, PA 17747",41.030367508584,-77.320545952597
"Nom Nom Dumplings, LLC.",168 Bowery,New York,NY,10012,1,0,0,1,0,0,0,0,0,0,0,0,0,0,0,"168 Bowery, New York, NY 10012",40.720160650092,-73.994181515919
"Northern Culinary Brands, LLC",190 Banker Road,Plattsburgh,NY,12901,1,0,0,1,0,0,0,0,0,0,0,0,0,0,0,"190 Banker Road, Plattsburgh, NY 12901",44.707734323481,-73.540481680079
Northern NY Farmers Market Coop Inc,8204 Route 26,Lowville,NY,13367,1,0,0,0,1,0,0,0,0,1,0,0,0,0,0,"8204 Route 26, Lowville, NY 13367",43.829447752899,-75.517466296589
Nuevo Mundo Foods LLC,42-12 Junction Blvd.,Corona,NY,11368,1,0,0,1,0,0,0,0,0,0,0,0,0,0,0,"42-12 Junction Blvd., Corona, NY 11368",40.746172612169,-73.868305945178
O. K. Food Products,Rathbone Avenue,Valatie,NY,12184,1,0,0,1,0,0,0,0,0,0,0,0,0,0,0,"Rathbone Avenue, Valatie, NY 12184",42.415789988595,-73.680654423854
OMH Cook Chill Production Center,145 Old Orangeburg Road,Orangeburg,NY,10962,1,0,0,1,0,0,0,0,0,0,0,0,0,0,0,"145 Old Orangeburg Road, Orangeburg, NY 10962",41.044011382326,-73.979327791276
Old Country Jerky,49 Atlantic Avenue,Lynbrook,NY,11563,1,0,0,1,0,0,0,0,0,0,0,0,0,0,0,"49 Atlantic Avenue, Lynbrook, NY 11563",40.655783575563,-73.671740912141
Old World Provisions Inc.,12 Industrial Park Rd.,Troy,NY,12180,1,0,0,1,0,0,0,0,0,0,0,0,0,0,0,"12 Industrial Park Rd., Troy, NY 12180",42.705908108622,-73.67556963853
"Orchard Sausages, Inc.",340 Johnson Avenue,Brooklyn,NY,11206,1,0,0,1,0,0,0,0,0,0,0,0,0,0,0,"340 Johnson Avenue, Brooklyn, NY 11206",40.707326483632,-73.934898248423
Oscar's Hickory House Inc.,22 Raymond Lane,Warrensburg,NY,12885,1,0,0,1,0,0,0,0,0,0,0,0,0,0,0,"22 Raymond Lane, Warrensburg, NY 12885",43.500955674334,-73.780368798094
Owasco Meat Company,61 Oak Hill Rd,Moravia,NY,13118,1,0,1,1,0,0,0,0,0,1,0,0,0,0,0,"61 Oak Hill Rd, Moravia, NY 13118",42.717381989307,-76.419041404048
PDH Markets,935 Taft Avenue,Endicott,NY,13760,1,0,0,1,0,0,0,0,0,0,0,0,0,0,0,"935 Taft Avenue, Endicott, NY 13760",42.123900467833,-76.039451107856
Palmer Food Service,171 Weidner Road,Rochester,NY,14624,1,0,1,1,0,0,0,0,0,1,0,0,0,0,0,"171 Weidner Road, Rochester, NY 14624",43.111490934673,-77.669447407904
Pane Vita LLC,10 White Street,Rochester,NY,14608,1,0,0,1,0,0,0,0,0,0,0,0,0,0,0,"10 White Street, Rochester, NY 14608",43.166147725921,-77.62363715855
Papa Pasquale Ravioli and Pasta Company,7813 15th Ave,Brooklyn,NY,11228,1,0,0,1,0,0,0,0,0,0,0,0,0,0,0,"7813 15th Ave, Brooklyn, NY 11228",40.615782905715,-74.004859621187
Parillo Sausage,90 Washington Street,Saratoga Springs,NY,12866,1,0,0,1,0,0,0,0,0,0,0,0,0,0,0,"90 Washington Street, Saratoga Springs, NY 12866",43.080263092784,-73.790292541563
"Patla Enterprises, Inc.",7360 State Route 46,Rome,NY,13440,1,0,0,1,0,0,0,0,0,0,0,0,0,0,0,"7360 State Route 46, Rome, NY 13440",43.209726756071,-75.58999647181
Pede Brothers Incorporated,582 Duanesburg Road,Schenectady,NY,12306,1,0,0,1,0,0,0,0,0,0,0,0,0,0,0,"582 Duanesburg Road, Schenectady, NY 12306",42.787120598038,-73.999484566509
Peking Food LLC,47 Stewart Avenue,Brooklyn,NY,11237,1,0,0,1,0,0,0,0,0,0,0,0,0,0,0,"47 Stewart Avenue, Brooklyn, NY 11237",40.707449610965,-73.925471947131
Peter's Wholesale Meat Corporation,148-09 Guy R. Brewer Blvd.,Springfield Gardens,NY,11434,1,0,0,1,0,0,0,0,0,0,0,0,0,0,0,"148-09 Guy R. Brewer Blvd., Springfield Gardens, NY 11434",40.659363217884,-73.767738952683
Piatkowski Riteway Meats Inc.,3555 Witmer Road,Niagara Falls,NY,14305,1,0,0,1,0,0,0,0,0,0,0,0,0,0,0,"3555 Witmer Road, Niagara Falls, NY 14305",43.129930070498,-79.014926369367
"Piccinini Brothers, Inc",633 Ninth Avenue,New York,NY,10036,1,0,0,1,0,0,0,0,0,0,0,0,0,0,0,"633 Ninth Avenue, New York, NY 10036",40.760135110953,-73.991476316391
Picone Meat Specialties LTD,180 Jefferson Ave,Mamaroneck,NY,10543,1,0,0,1,0,0,0,0,0,0,0,0,0,0,0,"180 Jefferson Ave, Mamaroneck, NY 10543",40.955919666313,-73.737083173623
"Plymouth Beef Company, Inc.",355 Food Center Drive,Bronx,NY,10474,1,0,0,1,0,0,0,0,0,0,0,0,0,0,0,"355 Food Center Drive, Bronx, NY 10474",40.806204912953,-73.871041997208
"Pork King Sausage, Inc.",F-22 Hunts Point Coop Market,Bronx,NY,10474,1,0,0,1,0,0,0,0,0,0,0,0,0,0,0,"F-22 Hunts Point Coop Market, Bronx, NY 10474",40.808113687782,-73.873510577666
Premier Meat Processing LLC,36-16 23rd Street,Astoria,NY,11106,1,0,0,1,0,0,0,0,0,0,0,0,0,0,0,"36-16 23rd Street, Astoria, NY 11106",40.758868593199,-73.935343042813
"Prime Food Distributor, Inc.",80 Seaview Boulevard,Port Washington,NY,11050,1,0,0,1,0,0,0,0,0,0,0,0,0,0,0,"80 Seaview Boulevard, Port Washington, NY 11050",40.814009942722,-73.664011379601
"Prime Food Processing, LLC",300 Vandervoort Ave.,Brooklyn,NY,11211,1,0,0,1,0,0,0,0,0,0,0,0,0,0,0,"300 Vandervoort Ave., Brooklyn, NY 11211",40.715007559233,-73.933640143286
Punto Rojo Empanadas Corp.,305 Font Street,Hempstead,NY,11550,1,0,0,1,0,0,0,0,0,0,0,0,0,0,0,"305 Font Street, Hempstead, NY 11550",40.706307477491,-73.623266665732
"Queen City Fresh Foods, LLC",2520 Hamburg Turnpike,Lackawanna,NY,14218,1,0,0,1,0,0,0,0,0,0,0,0,0,0,0,"2520 Hamburg Turnpike, Lackawanna, NY 14218",42.816557492992,-78.846286860707
"RHOSEY LLC   Rhosey, LLC",1677 McDonald Avenue,Brooklyn,NY,11230,1,0,0,1,0,0,0,0,0,0,0,0,0,0,0,"1677 McDonald Avenue, Brooklyn, NY 11230",40.612087460644,-73.973538655356
"ROMA SAUSAGE, INC.",2029 BLEECKER STREET,UTICA,NY,13501,1,0,0,1,0,0,0,0,0,0,0,0,0,0,0,"2029 BLEECKER STREET, UTICA, NY 13501",43.091512480554,-75.195672655615
"Red Barn Meats, Inc.",9095 Briot Road,Croghan,NY,13327,1,0,1,1,0,0,0,0,0,1,0,0,0,0,0,"9095 Briot Road, Croghan, NY 13327",43.872933864662,-75.349690640295
Red Bowl Food Corporation,6904 8th Ave,Brooklyn,NY,11228,1,0,0,1,0,0,0,0,0,0,0,0,0,0,0,"6904 8th Ave, Brooklyn, NY 11228",40.63032751147,-74.015031116681
Reliable Brothers,185 Cohoes Ave,Green Island,NY,12183,1,0,0,1,0,0,0,0,0,0,0,0,0,0,0,"185 Cohoes Ave, Green Island, NY 12183",42.758340094785,-73.695239131674
Reliable Wholesale Meats,306 Van Brunt Street,Brooklyn,NY,11231,1,0,0,1,0,0,0,0,0,0,0,0,0,0,0,"306 Van Brunt Street, Brooklyn, NY 11231",40.679270549918,-74.010752909047
Romeo Foods Inc,7807 15th Avenue,Brooklyn,NY,11228,1,0,0,1,0,0,0,0,0,0,0,0,0,0,0,"7807 15th Avenue, Brooklyn, NY 11228",40.61581157939,-74.004829560078
"Rosenkrans Natural Beef Company, LLC",900 Jefferson Road Suite 5,Rochester,NY,14623,1,0,0,1,0,0,0,0,0,1,0,0,0,0,0,"900 Jefferson Road Suite 5, Rochester, NY 14623",43.08725036825,-77.614634818401
"Rosina Food Products, Inc.",3100 Clinton Street,West Seneca,NY,14224,1,0,0,1,0,0,0,0,0,0,0,0,0,0,0,"3100 Clinton Street, West Seneca, NY 14224",42.860576977007,-78.765268786064
"Rosina Food Products, Inc.",75 Empire Drive,West Seneca,NY,14224,1,0,0,1,0,0,0,0,0,0,0,0,0,0,0,"75 Empire Drive, West Seneca, NY 14224",42.862855777122,-78.759160286799
"Rosina Food Products, Inc.",160 Empire Drive,Buffalo,NY,14224,1,0,0,1,0,0,0,0,0,0,0,0,0,0,0,"160 Empire Drive, Buffalo, NY 14224",42.86139926524,-78.760633910989
Rosina Food Products. Inc.,75 Industrial Parkway,Cheektowaga,NY,14227,1,0,0,1,0,0,0,0,0,0,0,0,0,0,0,"75 Industrial Parkway, Cheektowaga, NY 14227",42.869437948421,-78.748016878567
"Rural Foods, LLC",41 North Union Street,Cambridge,NY,12186,1,0,0,1,0,0,0,0,0,0,0,0,0,0,0,"41 North Union Street, Cambridge, NY 12186",43.033461672767,-73.381828145555
SALARINO'S ITALIAN FOOD INC.,110 JAMES STREET,CANASTOTA,NY,13032,1,0,0,1,0,0,0,0,0,0,0,0,0,0,0,"110 JAMES STREET, CANASTOTA, NY 13032",43.076431293267,-75.752233402072
SLATE FOODS,216 E 85th st,NYC,NY,10028,1,0,0,1,0,0,0,0,0,1,1,0,0,0,0,"216 E 85th st, NYC, NY 10028",40.777913617889,-73.954109166731
SON AND SONS TRADING CO. INC.,518 GARDNER AVENUE,BROOKLYN,NY,11222,1,0,0,1,0,0,0,0,0,0,0,0,0,0,0,"518 GARDNER AVENUE, BROOKLYN, NY 11222",40.725523470132,-73.931378815199
"Sahlen Packing Co., Inc.",327 Howard Street,Buffalo,NY,14206,1,0,0,1,0,0,0,0,0,0,0,0,0,0,0,"327 Howard Street, Buffalo, NY 14206",42.883293472894,-78.842024498237
"Sahlen Packing Company, Inc.",318 Howard Street,Buffalo,NY,14206,1,0,0,1,0,0,0,0,0,0,0,0,0,0,0,"318 Howard Street, Buffalo, NY 14206",42.883409547236,-78.841907944967
Salsabil Meat Processing,12 Ehle Street,Nelliston,NY,13410,1,0,1,1,0,0,0,0,0,0,0,0,0,0,0,"12 Ehle Street, Nelliston, NY 13410",42.927294269594,-74.608751843232
Salumeria Biellese Inc.,376-378 8th Avenue,NYC,NY,10001,1,0,0,1,0,0,0,0,0,0,0,0,0,0,0,"376-378 8th Avenue, NYC, NY 10001",40.748934348444,-73.995745452266
Samossa Bites,35-27 31st Street,Long Island City,NY,11106,1,0,0,1,0,0,0,0,0,0,0,0,0,0,0,"35-27 31st Street, Long Island City, NY 11106",40.757666187304,-73.928786495187
Santora Foods LLC,2928 Walden Avenue,Depew,NY,14043,1,0,0,1,0,0,0,0,0,0,0,0,0,0,0,"2928 Walden Avenue, Depew, NY 14043",42.909537650785,-78.728288608703
Schneider's Fish and Seafood Corp.,2150 Old Union Road,Cheektowaga,NY,14227,1,0,0,1,0,0,0,0,0,0,0,0,0,0,0,"2150 Old Union Road, Cheektowaga, NY 14227",42.8698706391,-78.757949796897
"Schonwetter Enterprises, Inc., DBA Bilinski's Sausage Mfg Co.",41 Lark Street,Cohoes,NY,12047,1,0,0,1,0,0,0,0,0,0,0,0,0,0,0,"41 Lark Street, Cohoes, NY 12047",42.758514917192,-73.704753404214
"Schrader Farms, LLC",1937 Somerville Road,Romulus,NY,14541,1,0,1,1,0,0,0,0,0,1,0,0,0,0,0,"1937 Somerville Road, Romulus, NY 14541",42.744429923596,-76.838003556392
Schreiber Processing Corporation,56-20 59th Street,Maspeth,NY,11378,1,0,0,1,0,0,0,0,0,0,0,0,0,0,0,"56-20 59th Street, Maspeth, NY 11378",40.724748258714,-73.908848357857
Seven Nation Food Company,389 East 3rd Street,Mount Vernon,NY,10550,1,0,0,1,0,0,0,0,0,0,0,0,0,0,0,"389 East 3rd Street, Mount Vernon, NY 10550",40.909937443992,-73.822353621227
"Seviroli Foods, LLC",60 Davids Drive,Hauppauge,NY,11530,1,0,0,1,0,0,0,0,0,0,0,0,0,0,0,"60 Davids Drive, Hauppauge, NY 11530",40.818855162488,-73.261352992832
"Seviroli Foods, LLC",601-557-563-579 Brook Street,Garden City,NY,11530,1,0,0,1,0,0,0,0,0,0,0,0,0,0,0,"601-557-563-579 Brook Street, Garden City, NY 11530",40.728255460326,-73.611035072461
Seymour's Commission Sales LLC,4349 US Hway 11,De Kalb Junction,NY,13630,1,0,0,0,1,0,0,0,0,1,0,0,0,0,0,"4349 US Hway 11, De Kalb Junction, NY 13630",44.505802386792,-75.273104188714
Shah's Halal Food & Products Inc.,138 - 62 94th Avenue,Jamaica,NY,11435,1,0,0,1,0,0,0,0,0,0,0,0,0,0,0,"138 - 62 94th Avenue, Jamaica, NY 11435",40.697837775048,-73.810418338126
"Shahs Halal New Horizons Processing, Inc.",6500 New Horizons Blvd,Amityville,NY,11701,1,0,0,1,0,0,0,0,0,0,0,0,0,0,0,"6500 New Horizons Blvd, Amityville, NY 11701",40.703403787704,-73.397826132926
"Shale Spring Meats, LLC",10647 Kelsey Road West,Clyde,NY,14433,1,0,1,1,0,0,0,0,0,0,0,0,0,0,0,"10647 Kelsey Road West, Clyde, NY 14433",43.112395189511,-76.878845590827
Sir Delicious,1717 Clifford Ave,Rochester,NY,14609,1,0,0,1,0,0,0,0,0,0,0,0,0,0,0,"1717 Clifford Ave, Rochester, NY 14609",43.175764915375,-77.575721687887
Slaughter House Inc.,151-24 Beaver Road,Jamaica,NY,11433,1,0,1,1,0,0,0,0,0,0,0,0,0,0,0,"151-24 Beaver Road, Jamaica, NY 11433",40.699506437516,-73.802550262687
Sonny's 10th Avenue Meat Market Inc.,758 10th Avenue,New York,NY,10019,1,0,0,1,0,0,0,0,0,0,0,0,0,0,0,"758 10th Avenue, New York, NY 10019",40.765631460056,-73.991011036872
Stamford Smokehouse LLC,103 Main Street,Stamford,NY,12167,1,0,0,1,0,0,0,0,0,0,0,0,0,0,0,"103 Main Street, Stamford, NY 12167",42.408284101479,-74.617133984449
Star Natural Meats LLC,4505 Ditmars Boulevard,Astoria,NY,11105,1,0,0,1,0,0,0,0,0,0,0,0,0,0,0,"4505 Ditmars Boulevard, Astoria, NY 11105",40.770813222032,-73.903060909508
Steuben Foods Inc.,1150 Maple Road,Elma,NY,14059,1,0,0,1,0,0,0,0,0,0,0,0,0,0,0,"1150 Maple Road, Elma, NY 14059",42.800150393391,-78.621477329907
"Stevens Brothers, LLC",392 Goshen Road,Panama,NY,14767,1,0,1,1,0,0,0,0,0,0,0,0,0,0,0,"392 Goshen Road, Panama, NY 14767",42.016504009875,-79.499430597637
Sun Ming Jan Inc.,145 Noll Street,Brooklyn,NY,11206,1,0,0,1,0,0,0,0,0,0,0,0,0,0,0,"145 Noll Street, Brooklyn, NY 11206",40.703163395679,-73.930991211443
Sunny Savory,36-12 48th Avenue,Long Island City,NY,11101,1,0,0,1,0,0,0,0,0,0,0,0,0,0,0,"36-12 48th Avenue, Long Island City, NY 11101",40.740413305653,-73.929507619049
Swan Market,433 Parsells Avenue,Rochester,NY,14609,1,0,0,1,0,0,0,0,0,0,0,0,0,0,0,"433 Parsells Avenue, Rochester, NY 14609",43.165784019336,-77.566697092367
T & B Food Corp.,15-10 130th Street,College Point,NY,11356,1,0,0,1,0,0,0,0,0,0,0,0,0,0,0,"15-10 130th Street, College Point, NY 11356",40.784505134885,-73.838619668545
T&L Creative Salads,148 Allen Blvd,Farmingdale,NY,11735,1,0,0,1,0,0,0,0,0,0,0,0,0,0,0,"148 Allen Blvd, Farmingdale, NY 11735",40.716038216464,-73.416024736591993
"TC Provisions, Inc.",31 Heisser Court,Farmingdale,NY,11735,1,0,0,1,0,0,0,0,0,0,0,0,0,0,0,"31 Heisser Court, Farmingdale, NY 11735",40.725919338314,-73.45328690277
TCM Foods,175 Clearbrook Road,Elmsford,NY,10523,1,0,0,1,0,0,0,0,0,0,0,0,0,0,0,"175 Clearbrook Road, Elmsford, NY 10523",41.073234039369,-73.814144008552
"TMAC Food Services, Inc.",116 Michigan Avenue,Buffalo,NY,14204,1,0,0,1,0,0,0,0,0,0,0,0,0,0,0,"116 Michigan Avenue, Buffalo, NY 14204",42.874186378765,-78.871464458997
"TOWER ISLE'S FROZEN FOODS, LTD",2025 ATLANTIC AVENUE,BROOKLYN,NY,11233,1,0,0,1,0,0,0,0,0,0,0,0,0,0,0,"2025 ATLANTIC AVENUE, BROOKLYN, NY 11233",40.676552861968,-73.913764191344
"Table 87 Frozen, LLC",145 42nd Street,Brooklyn,NY,11232,1,0,0,1,0,0,0,0,0,0,0,0,0,0,0,"145 42nd Street, Brooklyn, NY 11232",40.654351854346,-74.01342744627
"Textured Food Innovations, LLC",552 Westbury Ave,Carle Place,NY,11514,1,0,0,1,0,0,0,0,0,0,0,0,0,0,0,"552 Westbury Ave, Carle Place, NY 11514",40.751421587042,-73.603612544616
"The Alps Provision Co., Inc.",22-70 45th Street,Long Island City,NY,11105,1,0,0,1,0,0,0,0,0,0,0,0,0,0,0,"22-70 45th Street, Long Island City, NY 11105",40.769606078833,-73.904753751219
The Craft Cannery,7100 Apple Tree Avenue,Bergen,NY,14416,1,0,0,1,0,0,0,0,0,0,0,0,0,0,0,"7100 Apple Tree Avenue, Bergen, NY 14416",43.072037528383,-77.940780675992
"The Gilded Kitchen, Inc.",228 Duffield Street,Brooklyn,NY,11201,1,0,0,1,0,0,0,0,0,0,0,0,0,0,0,"228 Duffield Street, Brooklyn, NY 11201",40.69157676531,-73.984443490356
"The Original Crunch Roll Factory, LLC",75 Bourne Street,Westfield,NY,14787,1,0,0,1,0,0,0,0,0,0,0,0,0,0,0,"75 Bourne Street, Westfield, NY 14787",42.331926483995,-79.579728562665
The Pierogi Guy,462 Elmridge Center Drive,Rochester,NY,14626,1,0,0,1,0,0,0,0,0,0,0,0,0,0,0,"462 Elmridge Center Drive, Rochester, NY 14626",43.216523347989,-77.727368957236
"Timberline Meats, LLC",4342 John Green Rd,Dundee,NY,14837,1,0,1,1,0,0,0,0,0,1,0,0,0,0,0,"4342 John Green Rd, Dundee, NY 14837",42.553508876173,-77.035010100872
"Tomoe Food Services, Inc.","355 Food Center Drive, Building D18-D-21",Bronx,NY,10474,1,0,0,1,0,0,0,0,0,0,0,0,0,0,0,"355 Food Center Drive, Building D18-D-21, Bronx, NY 10474",40.806204912953,-73.871041997208
"Top Taste Food, Inc.",95 13th Street,Brooklyn,NY,11215,1,0,0,1,0,0,0,0,0,0,0,0,0,0,0,"95 13th Street, Brooklyn, NY 11215",40.670296422307,-73.995470068039
Total Product Distributor Inc.,48 Brooklyn Terminal Market,Brooklyn,NY,11236,1,0,0,1,0,0,0,0,0,0,0,0,0,0,0,"48 Brooklyn Terminal Market, Brooklyn, NY 11236",40.644591008613,-73.918889981657
Treasure Isle Foods,164 Second Street,Mineola,NY,11501,1,0,0,1,0,0,0,0,0,0,0,0,0,0,0,"164 Second Street, Mineola, NY 11501",40.741947802706,-73.638710307861
Tri-Town Packing Corporation,922 County Route 53,Brasher Falls,NY,13613,1,0,1,1,0,0,0,0,0,1,0,0,0,0,0,"922 County Route 53, Brasher Falls, NY 13613",44.860711739671,-74.789785865681
Trinity Meat Company LLC,3487 State Highway 205,Hartwick,NY,13348,1,0,1,1,0,0,0,0,0,1,0,0,0,0,0,"3487 State Highway 205, Hartwick, NY 13348",42.653707523286,-75.049361909391
Tuv Taam Corp,502 Flushing Avenue,Brooklyn,NY,11205,1,0,0,1,0,0,0,0,0,0,0,0,0,0,0,"502 Flushing Avenue, Brooklyn, NY 11205",40.699339340399,-73.953435160491
"Twin Marquis, LLC",7 Bushwick Place,Brooklyn,NY,11206,1,0,0,1,0,0,0,0,0,0,0,0,0,0,0,"7 Bushwick Place, Brooklyn, NY 11206",40.707857052875,-73.938481044297
"U.F.S. Industries, Inc.",300 North MacQuesten Parkway,Mount Vernon,NY,10550,1,0,0,1,0,0,0,0,0,0,0,0,0,0,0,"300 North MacQuesten Parkway, Mount Vernon, NY 10550",40.917937228091,-73.845158917424
US Foods Inc,4900 Lake Avenue,Blasdell,NY,14219,1,0,0,1,0,0,0,0,0,0,0,0,0,0,0,"4900 Lake Avenue, Blasdell, NY 14219",42.796856853993,-78.799646973604
"US Meat Processing, LLC",1973 Steinway  Street,Astoria,NY,11105,1,0,0,1,0,0,0,0,0,0,0,0,0,0,0,"1973 Steinway  Street, Astoria, NY 11105",40.776916860238,-73.900993157845
"Unadilla Livestock Company, LLC",76 Maple Ave (PO Box 70),Unadilla,NY,13849,1,0,0,0,1,0,0,0,0,1,0,0,0,0,0,"76 Maple Ave (PO Box 70), Unadilla, NY 13849",42.33050297669,-75.311222301971
"United Meat Products, Inc.",50 SawGrass Drive,Bellport,NY,11713,1,0,0,1,0,0,0,0,0,0,0,0,0,0,0,"50 SawGrass Drive, Bellport, NY 11713",40.802789445898,-72.948956303944
VM LA Sultana Products Corp,6978 75th Street,Middel Village,NY,11379,1,0,0,1,0,0,0,0,0,0,0,0,0,0,0,"6978 75th Street, Middel Village, NY 11379",40.707506728489,-73.875792578055
"VSM NY Distribution, LLC/Fairway Market Distribution Center",400 Walnut Ave,Bronx,NY,10454,1,0,0,1,0,0,0,0,0,0,0,0,0,0,0,"400 Walnut Ave, Bronx, NY 10454",40.805423427748,-73.905596115582
Valley Meat Packing Corp.,2812 Settle Road,Newark Valley,NY,13811,1,0,1,1,0,0,0,0,0,0,0,0,0,0,0,"2812 Settle Road, Newark Valley, NY 13811",42.191327434672,-76.117897289526
"Veselka Lorimer Commissary, LLC",646 Lorimer Street,Brooklyn,NY,11211,1,0,0,1,0,0,0,0,0,0,0,0,0,0,0,"646 Lorimer Street, Brooklyn, NY 11211",40.71642807779,-73.949674098375
Victor Provisions,340 B Stagg Street,Brooklyn,NY,11206,1,0,0,1,0,0,0,0,0,0,0,0,0,0,0,"340 B Stagg Street, Brooklyn, NY 11206",40.710248905413,-73.935083363476
"Vito A Sindoni & Son Packing Co., LLC",1070 Settles Hill Road,Altamont,NY,12009,1,0,0,1,0,0,0,0,0,0,0,0,0,0,0,"1070 Settles Hill Road, Altamont, NY 12009",42.748758379794,-74.045159703306
WING Y Meats Inc.,14 Varick Street,Brooklyn,NY,11222,1,0,0,1,0,0,0,0,0,0,0,0,0,0,0,"14 Varick Street, Brooklyn, NY 11222",40.726468658338,-73.935985862022
"Wan Rong Trading Corp., DBA Taihe Trading Corp.",4843 32nd Place,Long Island City,NY,11101,1,0,0,1,0,0,0,0,0,0,0,0,0,0,0,"4843 32nd Place, Long Island City, NY 11101",40.740199224045,-73.93344620091
"Wang Cai Enterprise, Inc.",3912 47th Avenue,Sunnyside,NY,11104,1,0,0,1,0,0,0,0,0,0,0,0,0,0,0,"3912 47th Avenue, Sunnyside, NY 11104",40.741915572775,-73.926139747369
Wang Shi Corporation,47-31 35th Street,Long Island City,NY,11101,1,0,0,1,0,0,0,0,0,0,0,0,0,0,0,"47-31 35th Street, Long Island City, NY 11101",40.741847389365,-73.9302711571
Warsaw Packing Co.,3865 Miller Rd   PO Box 137,Warsaw,NY,14569,1,0,1,1,0,0,0,0,0,0,0,0,0,0,0,"3865 Miller Rd   PO Box 137, Warsaw, NY 14569",42.700064295769,-78.130265749386
"Water Lilies Food, LLC","1724 5th Avenue, Unit 3",Bayshore,NY,11706,1,0,0,1,0,0,0,0,0,0,0,0,0,0,0,"1724 5th Avenue, Unit 3, Bayshore, NY 11706",40.766184050947,-73.26280338376
Wegmans Food Markets,360 Wegmans Market Street,Rochester,NY,14624,1,0,0,1,0,0,0,0,0,1,0,0,0,0,0,"360 Wegmans Market Street, Rochester, NY 14624",43.120458732881,-77.698884568037
"Wei Ming USA, Inc.",5301 Grand Avenue Number B,Maspeth,NY,11378,1,0,0,1,0,0,0,0,0,0,0,0,0,0,0,"5301 Grand Avenue Number B, Maspeth, NY 11378",40.717838124821,-73.918006252148
Weichsel Beef,310 Van Brunt Street,Brooklyn,NY,11231,1,0,0,1,0,0,0,0,0,0,0,0,0,0,0,"310 Van Brunt Street, Brooklyn, NY 11231",40.679196292891,-74.010840381304
Western New York Driving Horse Sale LLC,4150 Sherman Mayville Rd,Sherman,NY,14781,1,0,0,0,1,0,0,0,0,1,0,0,0,0,0,"4150 Sherman Mayville Rd, Sherman, NY 14781",42.180914172994,-79.570293624228
White Eagle Packing Company Inc.,922 Congress Street,Schenectady,NY,12303,1,0,0,1,0,0,0,0,0,0,0,0,0,0,0,"922 Congress Street, Schenectady, NY 12303",42.79863291276,-73.953207420536
"White Lake Foods, LLC",14 Chicken Plant Lane,Ferndale,NY,12762,1,0,0,1,0,0,0,0,0,0,0,0,0,0,0,"14 Chicken Plant Lane, Ferndale, NY 12762",41.753447187018,-74.741373702298
Whiteman Meat Processing,3 Dock Street,Dansville,NY,14437,1,0,0,1,0,0,0,0,0,0,0,0,0,0,0,"3 Dock Street, Dansville, NY 14437",42.562132413635,-77.706730585317
"Whitsons Food Services (Bronx), LLC",5600 First Avenue Building C,Brooklyn,NY,11220,1,0,0,1,0,0,0,0,0,0,0,0,0,0,0,"5600 First Avenue Building C, Brooklyn, NY 11220",40.647141229419,-74.022635037924
Wilson Beef Farms LLC,10751 Hess Road,Canaseraga,NY,14822,1,0,1,1,0,0,0,0,0,1,0,0,0,0,0,"10751 Hess Road, Canaseraga, NY 14822",42.466426173393,-77.751639592776
Wyoming County Stockyards LLC,6073 State Road 19-A,Castile,NY,14427,1,0,0,0,1,0,0,0,0,1,0,0,0,0,0,"6073 State Road 19-A, Castile, NY 14427",42.605242694691,-78.068434925926
Zweigle's Inc.,651 Plymouth Ave North,Rochester,NY,14608,1,0,0,1,0,0,0,0,0,0,0,0,0,0,0,"651 Plymouth Ave North, Rochester, NY 14608",43.16396711832,-77.625638287888
"3G WAREHOUSE, INC.",565 BROADHOLLOW RD STE 1,FARMINGDALE,NY,11735,1,1,0,0,0,0,0,0,0,0,1,0,0,0,1,"565 BROADHOLLOW RD STE 1, FARMINGDALE, NY 11735",40.721016038179,-73.425408823944
A&J CRANE SERVICE INC.,121 WYANDANCH AVE,WYANDANCH,NY,11798,1,1,0,0,0,0,0,0,0,0,1,0,0,0,1,"121 WYANDANCH AVE, WYANDANCH, NY 11798",40.741699011248,-73.359750347162
"AFM TRUCKING, LLC",26 AVERILL DR,MAHOPAC,NY,10541,1,1,0,0,0,0,0,0,0,0,1,0,0,0,1,"26 AVERILL DR, MAHOPAC, NY 10541",41.387744515189,-73.732665704696
"ALLEN & DAUGHTERS TRUCKING, LLC",219 WHITE CREEK RD,NEWPORT,NY,13416,1,1,0,0,0,0,0,0,0,0,1,0,0,0,1,"219 WHITE CREEK RD, NEWPORT, NY 13416",43.166316964309,-74.998463072863
APM SERVICES GROUP CORP,146 WALWORTH ST,BROOKLYN,NY,11205,1,1,0,0,0,0,0,0,0,0,1,0,0,0,1,"146 WALWORTH ST, BROOKLYN, NY 11205",40.694388190795,-73.954303924443
APOLLO TRUCKING INC.,953 MAPLE AVE APT 2,SCHENECTADY,NY,12307,1,1,0,0,0,0,0,0,0,0,1,0,0,0,1,"953 MAPLE AVE APT 2, SCHENECTADY, NY 12307",42.805176850585,-73.928413918907
"ASTRAL EXTRACTS, LTD.",150 EILEEN WAY UNIT 6,SYOSSET,NY,11791,1,1,0,0,0,0,0,0,0,0,1,0,0,0,1,"150 EILEEN WAY UNIT 6, SYOSSET, NY 11791",40.803511886407,-73.520050353016
B PARISO TRANSPORT INC,2647 WHITEHAVEN RD,GRAND ISLAND,NY,14072,1,1,0,0,0,0,0,0,0,0,1,0,0,0,1,"2647 WHITEHAVEN RD, GRAND ISLAND, NY 14072",43.021322981704,-78.990168325929
"B. STRONG TRUCKING, INC.",119 COPIAGUE ST,VALLEY STREAM,NY,11580,1,1,0,0,0,0,0,0,0,0,1,0,0,0,1,"119 COPIAGUE ST, VALLEY STREAM, NY 11580",40.676189347636,-73.718083617937
"BAGEL GROVE, INC.",7 BURRSTONE RD,UTICA,NY,13502,1,1,0,0,0,0,0,0,0,0,1,0,0,0,1,"7 BURRSTONE RD, UTICA, NY 13502",43.089167523287,-75.256509327551
BATTERY BUYERS INC.,51 UNION ST,BROOKLYN,NY,11231,1,1,0,0,0,0,0,0,0,0,1,0,0,0,1,"51 UNION ST, BROOKLYN, NY 11231",40.685069222452,-74.005225608129
BIO-USA INC.,72 5TH ST,RONKONKOMA,NY,11779,1,1,0,0,0,0,0,0,0,0,1,0,0,0,1,"72 5TH ST, RONKONKOMA, NY 11779",40.811141428489,-73.118285101745
BLUE WOLF ENTERPRISES LLC,458 JEFFERSON AVE APT 3,STATEN ISLAND,NY,10306,1,1,0,0,0,0,0,0,0,0,1,0,0,0,1,"458 JEFFERSON AVE APT 3, STATEN ISLAND, NY 10306",40.577759679064,-74.092964792695
BLUERITE LLC,20 CONCORD ST,LYNBROOK,NY,11563,1,1,0,0,0,0,0,0,0,0,1,0,0,0,1,"20 CONCORD ST, LYNBROOK, NY 11563",40.662956078943,-73.685391316511
BUCKY'S TRUCKING INC,11656 130TH ST,SOUTH OZONE PARK,NY,11420,1,1,0,0,0,0,0,0,0,0,1,0,0,0,1,"11656 130TH ST, SOUTH OZONE PARK, NY 11420",40.676762707407,-73.80948465264
C&T DISTRIBUTION LLC,14 CRITTENDEN WAY APT 6,ROCHESTER,NY,14623,1,1,0,0,0,0,0,0,0,0,1,0,0,0,1,"14 CRITTENDEN WAY APT 6, ROCHESTER, NY 14623",43.104031452693,-77.632454406346
C. FRANCIS CONSTRUCTION CORP.,501 E 93RD ST APT 1,BROOKLYN,NY,11212,1,1,0,0,0,0,0,0,0,0,1,0,0,0,1,"501 E 93RD ST APT 1, BROOKLYN, NY 11212",40.655358768556,-73.918931932783
"CARDIAC LIFE PRODUCTS, INC.",507 W COMMERCIAL ST STE 1,EAST ROCHESTER,NY,14445,1,1,0,0,0,0,0,0,0,0,1,0,0,0,1,"507 W COMMERCIAL ST STE 1, EAST ROCHESTER, NY 14445",43.116620041125,-77.498160874785
"CNY URBAN RENOVATIONS, LLC",359 NORTHERN LIGHTS DR,SYRACUSE,NY,13212,1,1,0,0,0,0,0,0,0,0,1,0,0,0,1,"359 NORTHERN LIGHTS DR, SYRACUSE, NY 13212",43.110946157587,-76.141618316696
CONRI SERVICES INC,250 CLEARBROOK RD STE 112,ELMSFORD,NY,10523,1,1,0,0,0,0,0,0,0,0,1,0,0,0,1,"250 CLEARBROOK RD STE 112, ELMSFORD, NY 10523",41.071848939494,-73.813794616832
"CONTINENTAL TRADING & SERVICES, INC.",22 LAWRENCE LN UNIT 3,LAWRENCE,NY,11559,1,1,0,0,0,0,0,0,0,0,1,0,0,0,1,"22 LAWRENCE LN UNIT 3, LAWRENCE, NY 11559",40.609741539826,-73.733204887738
CORNERSTONE REALTY PROPERTIES CORP.,177 E MAIN ST STE 307,NEW ROCHELLE,NY,10801,1,1,0,0,0,0,0,0,0,0,1,0,0,0,1,"177 E MAIN ST STE 307, NEW ROCHELLE, NY 10801",40.916045981005,-73.770270978116
"COUNTRY SWEET SAUCE, INC.",50 WESTGATE DR,EAST AURORA,NY,14052,1,1,0,0,0,0,0,0,0,0,1,0,0,0,1,"50 WESTGATE DR, EAST AURORA, NY 14052",42.749221800488,-78.622147075873
"CRISTO DEMOLITION, INC.",241 N PEARL ST,ALBANY,NY,12207,1,1,0,0,0,0,0,0,0,0,1,0,0,0,1,"241 N PEARL ST, ALBANY, NY 12207",42.658012214803,-73.749285082151
CTK TRUCKING & LOGISTICS INC.,1850 AMSTERDAM AVE,NEW YORK,NY,10031,1,1,0,0,0,0,0,0,0,0,1,0,0,0,1,"1850 AMSTERDAM AVE, NEW YORK, NY 10031",40.829394583419,-73.944653559057
DAGEN TRUCKING INC,566 BROADWAY STE 1,MENANDS,NY,12204,1,1,0,0,0,0,0,0,0,0,1,0,0,0,1,"566 BROADWAY STE 1, MENANDS, NY 12204",42.703270123756,-73.715347786704
DANA CONTRACTING INC.,11415 149TH AVE,SOUTH OZONE PARK,NY,11420,1,1,0,0,0,0,0,0,0,0,1,0,0,0,1,"11415 149TH AVE, SOUTH OZONE PARK, NY 11420",40.669650783678,-73.826266778095
DAWSONS HAULING LLC,2 SCHUYLER LN,WATERVLIET,NY,12189,1,1,0,0,0,0,0,0,0,0,1,0,0,0,1,"2 SCHUYLER LN, WATERVLIET, NY 12189",42.707081673728,-73.710953154805
DELUXE DELIVERY SYSTEMS INC.,729 7TH AVE FL 2,NEW YORK,NY,10019,1,1,0,0,0,0,0,0,0,0,1,0,0,0,1,"729 7TH AVE FL 2, NEW YORK, NY 10019",40.760383034119,-73.983698707635
"DIG IT OF NEW YORK, LLC",4549 CLINTON ST,WEST SENECA,NY,14224,1,1,0,0,0,0,0,0,0,0,1,0,0,0,1,"4549 CLINTON ST, WEST SENECA, NY 14224",42.858069291712,-78.715336974005
DJI TRUCKING LLC,5 ABBOTTSFORD DR,ROCHESTER,NY,14606,1,1,0,0,0,0,0,0,0,0,1,0,0,0,1,"5 ABBOTTSFORD DR, ROCHESTER, NY 14606",43.172323465504,-77.720302816151
"DORAN TRUCKING COMPANY & SITE DEVELOPMENT, INC.",2520 CAYUGA ST,NIAGARA FALLS,NY,14304,1,1,0,0,0,0,0,0,0,0,1,0,0,0,1,"2520 CAYUGA ST, NIAGARA FALLS, NY 14304",43.101100005563,-78.909350734579
DUFOUR PASTRY KITCHENS INC.,251 LOCUST AVE,BRONX,NY,10454,1,1,0,0,0,0,0,0,0,0,1,0,0,0,1,"251 LOCUST AVE, BRONX, NY 10454",40.803119832957,-73.906391109902
"E.A.T. W/ CULINARY PROFESSIONALS, INC.",1650 UTOPIA PKWY,WHITESTONE,NY,11357,1,1,0,0,0,0,0,0,0,0,1,0,0,0,1,"1650 UTOPIA PKWY, WHITESTONE, NY 11357",40.78299279677,-73.794601601067
EASE TRUCKING LLC,109 GRIFFIN ST,SYRACUSE,NY,13207,1,1,0,0,0,0,0,0,0,0,1,0,0,0,1,"109 GRIFFIN ST, SYRACUSE, NY 13207",43.014249782948,-76.159272115875
EMPIRE STATE BASICS LLC,15711 ROCKAWAY BLVD # 210,JAMAICA,NY,11434,1,1,0,0,0,0,0,0,0,0,1,0,0,0,1,"15711 ROCKAWAY BLVD # 210, JAMAICA, NY 11434",40.666286679575,-73.779433704452
EMPIRE STATE TRUCKING INC.,63 E 1ST ST,MOUNT VERNON,NY,10550,1,1,0,0,0,0,0,0,0,0,1,0,0,0,1,"63 E 1ST ST, MOUNT VERNON, NY 10550",40.911780289638,-73.833714239364
"EXCELSIOR LTL, LLC",1 SADORE LN APT 4K,YONKERS,NY,10710,1,1,0,0,0,0,0,0,0,0,1,0,0,0,1,"1 SADORE LN APT 4K, YONKERS, NY 10710",40.956354672835,-73.841960062355
FELICIFIC INC.,10416 150TH ST,JAMAICA,NY,11435,1,1,0,0,0,0,0,0,0,0,1,0,0,0,1,"10416 150TH ST, JAMAICA, NY 11435",40.697733291143,-73.802382962959
"FOXY DELIVERY SERVICE, INC.",256 TWO MILE CREEK RD,TONAWANDA,NY,14150,1,1,0,0,0,0,0,0,0,0,1,0,0,0,1,"256 TWO MILE CREEK RD, TONAWANDA, NY 14150",42.981969191527,-78.906814452354
"FREIGHTLINER & WESTERN STAR OF BATAVIA, LLC.",8190 STATE STREET RD,BATAVIA,NY,14020,1,1,0,0,0,0,0,0,0,0,1,0,0,0,1,"8190 STATE STREET RD, BATAVIA, NY 14020",43.017000819034,-78.179689499873
GOLDEN KRUST CARIBBEAN BAKERY INC.,399 KNOLLWOOD RD STE 115,WHITE PLAINS,NY,10603,1,1,0,0,0,0,0,0,0,0,1,0,0,0,1,"399 KNOLLWOOD RD STE 115, WHITE PLAINS, NY 10603",41.053924570786,-73.798524368403
"HNS ENTERPRISE, INC.",13939 228TH ST,LAURELTON,NY,11413,1,1,0,0,0,0,0,0,0,0,1,0,0,0,1,"13939 228TH ST, LAURELTON, NY 11413",40.669381572482,-73.746647369603
"HOME TOWN HAULING & RECYCLING, LLC",1074 COUNTY HIGHWAY 36,WORCESTER,NY,12197,1,1,0,0,0,0,0,0,0,0,1,0,0,0,1,"1074 COUNTY HIGHWAY 36, WORCESTER, NY 12197",42.647845331881,-74.792416894246
INTIVITY INC.,214 DUFFIELD ST APT 38E,BROOKLYN,NY,11201,1,1,0,0,0,0,0,0,0,0,1,0,0,0,1,"214 DUFFIELD ST APT 38E, BROOKLYN, NY 11201",40.691822692072,-73.98443143511
INUMIDUN INTERNATIONAL INC.,600 RICHMOND TER,STATEN ISLAND,NY,10301,1,1,0,0,0,0,0,0,0,0,1,0,0,0,1,"600 RICHMOND TER, STATEN ISLAND, NY 10301",40.64560910055,-74.092115953831
J2T ENTERPRISE LLC,100 GARY ST,STATEN ISLAND,NY,10312,1,1,0,0,0,0,0,0,0,0,1,0,0,0,1,"100 GARY ST, STATEN ISLAND, NY 10312",40.561220443171,-74.181543974579
"JAMSHIDI GROUP, LLC",2 W 90TH ST APT 4C,NEW YORK,NY,10024,1,1,0,0,0,0,0,0,0,0,1,0,0,0,1,"2 W 90TH ST APT 4C, NEW YORK, NY 10024",40.78783508973,-73.96755119295
JFY HAULING INC,1208 OREGON RD,CORTLANDT MANOR,NY,10567,1,1,0,0,0,0,0,0,0,0,1,0,0,0,1,"1208 OREGON RD, CORTLANDT MANOR, NY 10567",41.331768397006,-73.875245585668
JMM TRANSPORTATION CORP,21 HERBERT CIR,PATCHOGUE,NY,11772,1,1,0,0,0,0,0,0,0,0,1,0,0,0,1,"21 HERBERT CIR, PATCHOGUE, NY 11772",40.783334240227,-73.011175858003
JOEY TRANSPORTATION LLC,124 SHERMAN AVE,TROY,NY,12180,1,1,0,0,0,0,0,0,0,0,1,0,0,0,1,"124 SHERMAN AVE, TROY, NY 12180",42.699985088744,-73.681250372939
KIPER MOVING AND TRANSPORTATION LIMITED LIABILITY COMPANY,1279 KENMORE AVE,BUFFALO,NY,14217,1,1,0,0,0,0,0,0,0,0,1,0,0,0,1,"1279 KENMORE AVE, BUFFALO, NY 14217",42.95874081044,-78.86519109693
MARJORIE MC KEOWN,5617 ROUTE 380,SINCLAIRVILLE,NY,14782,1,1,0,0,0,0,0,0,0,0,1,0,0,0,1,"5617 ROUTE 380, SINCLAIRVILLE, NY 14782",42.245209967832,-79.315825607309
"MILLER DRUCK SPECIALTY CONTRACTING, INC.",765 E 133RD ST,BRONX,NY,10454,1,1,0,0,0,0,0,0,0,0,1,0,0,0,1,"765 E 133RD ST, BRONX, NY 10454",40.801150999699,-73.913918171687
"MRI USA, INC.",770 LEXINGTON AVE FL 11,NEW YORK,NY,10065,1,1,0,0,0,0,0,0,0,0,1,0,0,0,1,"770 LEXINGTON AVE FL 11, NEW YORK, NY 10065",40.763245088932,-73.967527856532
"NEW YUNG WAH TRADING, LLC",465 MORGAN AVE,BROOKLYN,NY,11222,1,1,0,0,0,0,0,0,0,0,1,0,0,0,1,"465 MORGAN AVE, BROOKLYN, NY 11222",40.719974485038,-73.937828948474
"NEW YUNG WAH TRADING, LLC",311 RICHARDSON ST,BROOKLYN,NY,11222,1,1,0,0,0,0,0,0,0,0,1,0,0,0,1,"311 RICHARDSON ST, BROOKLYN, NY 11222",40.719854976238,-73.939206167772
ONLINE MR INC.,86 DENTON AVE,NEW HYDE PARK,NY,11040,1,1,0,0,0,0,0,0,0,0,1,0,0,0,1,"86 DENTON AVE, NEW HYDE PARK, NY 11040",40.739748662116,-73.671500561484
PANOPLY FOODS CORP.,1512 UNION ST,SCHENECTADY,NY,12309,1,1,0,0,0,0,0,0,0,0,1,0,0,0,1,"1512 UNION ST, SCHENECTADY, NY 12309",42.807650793846,-73.912149706282
PARCE TRUCKING INC,1315 C ST,ELMONT,NY,11003,1,1,0,0,0,0,0,0,0,0,1,0,0,0,1,"1315 C ST, ELMONT, NY 11003",40.694987816302,-73.689812866418
PATCHOGUE TRUCK & EQUIPMENT CORP.,375 N DUNTON AVE UNIT A,EAST PATCHOGUE,NY,11772,1,1,0,0,0,0,0,0,0,0,1,0,0,0,1,"375 N DUNTON AVE UNIT A, EAST PATCHOGUE, NY 11772",40.769048928411,-72.963736525256
"PDS CONSTRUCTION, INC.",700 COOK RD,HAMLIN,NY,14464,1,1,0,0,0,0,0,0,0,0,1,0,0,0,1,"700 COOK RD, HAMLIN, NY 14464",43.356164484067,-77.992440279678
PHANTOM CARTING INC.,170 13TH ST,BETHPAGE,NY,11714,1,1,0,0,0,0,0,0,0,0,1,0,0,0,1,"170 13TH ST, BETHPAGE, NY 11714",40.750711516895,-73.493563115087
"PJP INSTALLERS, INC.",150 S MACQUESTEN PKWY,MOUNT VERNON,NY,10550,1,1,0,0,0,0,0,0,0,0,1,0,0,0,1,"150 S MACQUESTEN PKWY, MOUNT VERNON, NY 10550",40.910629873854,-73.850964913706
"PRESSLEY, PLLC",1232 SCHENECTADY AVE,BROOKLYN,NY,11203,1,1,0,0,0,0,0,0,0,0,1,0,0,0,1,"1232 SCHENECTADY AVE, BROOKLYN, NY 11203",40.642697956979,-73.932418821847
"REPAVE, INC.",67 HUNT DR,JERICHO,NY,11753,1,1,0,0,0,0,0,0,0,0,1,0,0,0,1,"67 HUNT DR, JERICHO, NY 11753",40.783283928787,-73.559560994617
RICCELLI TRUCKING INC,6800 W HENRIETTA RD,RUSH,NY,14543,1,1,0,0,0,0,0,0,0,0,1,0,0,0,1,"6800 W HENRIETTA RD, RUSH, NY 14543",43.017811467427,-77.667620292909
"RICCELLI TRUCKING, INC.",6201 E TAFT RD,NORTH SYRACUSE,NY,13212,1,1,0,0,0,0,0,0,0,0,1,0,0,0,1,"6201 E TAFT RD, NORTH SYRACUSE, NY 13212",43.125230804111,-76.091870880081
RJ TURNER LLC,1742 WESTCHESTER AVE,PEEKSKILL,NY,10566,1,1,0,0,0,0,0,0,0,0,1,0,0,0,1,"1742 WESTCHESTER AVE, PEEKSKILL, NY 10566",41.297333106698,-73.905730273668
"ROAD FLEX COURIER, LLC",828 HEMPSTEAD TPKE,FRANKLIN SQUARE,NY,11010,1,1,0,0,0,0,0,0,0,0,1,0,0,0,1,"828 HEMPSTEAD TPKE, FRANKLIN SQUARE, NY 11010",40.707013028748,-73.670588576806
"ROSE STAR TRANSPORTATION, LLC",820 COLGATE AVE APT 17H,BRONX,NY,10473,1,1,0,0,0,0,0,0,0,0,1,0,0,0,1,"820 COLGATE AVE APT 17H, BRONX, NY 10473",40.819642905556,-73.879815229581
"SC RUSSELL TRUCKING, INC.",275 WETMORE PARK,ROCHESTER,NY,14606,1,1,0,0,0,0,0,0,0,0,1,0,0,0,1,"275 WETMORE PARK, ROCHESTER, NY 14606",43.164714544512,-77.657084502586
SDI TRUCKING LLC,360 BROADWAY FL 1,STATEN ISLAND,NY,10310,1,1,0,0,0,0,0,0,0,0,1,0,0,0,1,"360 BROADWAY FL 1, STATEN ISLAND, NY 10310",40.632435733541,-74.1168690244
SPEEDWAY TRANSPORTATION INC.,21 MARIAN DR,NEWBURGH,NY,12550,1,1,0,0,0,0,0,0,0,0,1,0,0,0,1,"21 MARIAN DR, NEWBURGH, NY 12550",41.533833408517,-74.034608256112
"SUPERIOR WASTE AND CARTING, INC.",634 ROUTE 303,BLAUVELT,NY,10913,1,1,0,0,0,0,0,0,0,0,1,0,0,0,1,"634 ROUTE 303, BLAUVELT, NY 10913",41.081964330217,-73.948447120892
"T&J HAULING, LLC",1 MEADOW LN,BALLSTON SPA,NY,12020,1,1,0,0,0,0,0,0,0,0,1,0,0,0,1,"1 MEADOW LN, BALLSTON SPA, NY 12020",43.005449582367,-73.857638213935
THE TORRENCE GROUP INC,3508 E GENESEE ST,SYRACUSE,NY,13214,1,1,0,0,0,0,0,0,0,0,1,0,0,0,1,"3508 E GENESEE ST, SYRACUSE, NY 13214",43.042273011697,-76.089915622665
TLC HAULING INC,43 NIAGARA ST,MILLER PLACE,NY,11764,1,1,0,0,0,0,0,0,0,0,1,0,0,0,1,"43 NIAGARA ST, MILLER PLACE, NY 11764",40.946979547273,-72.977619372684
TRACEY TRUCKING INC,400 N MAIN ST,HOLLAND,NY,14080,1,1,0,0,0,0,0,0,0,0,1,0,0,0,1,"400 N MAIN ST, HOLLAND, NY 14080",42.650471186988,-78.550436082837
TSI AUTO TRANSPORT LLC,1309 CROMWELL AVE,BRONX,NY,10452,1,1,0,0,0,0,0,0,0,0,1,0,0,0,1,"1309 CROMWELL AVE, BRONX, NY 10452",40.838667191227,-73.92100989946
"TYGA-BOX SYSTEMS, INC.",3842 REVIEW AVE,LONG ISLAND CITY,NY,11101,1,1,0,0,0,0,0,0,0,0,1,0,0,0,1,"3842 REVIEW AVE, LONG ISLAND CITY, NY 11101",40.731446895489,-73.935033179016
WASHINGTON BLACKTOP AND TRUCKING LLC,133 MEREDITH AVE,NEDROW,NY,13120,1,1,0,0,0,0,0,0,0,0,1,0,0,0,1,"133 MEREDITH AVE, NEDROW, NY 13120",42.975951139911,-76.144706077128
DRISCOLL FOODS FOOD SERVICE / METROPOLITAN FOODS INC.,105 Quist Road,Amsterdam,NY,12010,1,1,0,0,0,0,0,0,0,0,0,0,1,1,1,"105 Quist Road, Amsterdam, NY 12010",42.926389038545,-74.172107118971
TERI NICHOLS,10101c Avenue D,Brooklyn,NY,11236,1,1,0,0,0,0,0,0,0,0,0,0,1,1,1,"10101c Avenue D, Brooklyn, NY 11236",40.651956516369,-73.904542962984
WHITSONS CULINARY GROUP,1140 Motor Pkwy,Central Islip,NY,11722,1,1,0,0,0,0,0,0,0,0,0,0,1,1,1,"1140 Motor Pkwy, Central Islip, NY 11722",40.803651409598,-73.205649784396
US FOODS,4900 LAKE AVE,BLASDELL,NY,14219,1,1,0,0,0,0,0,0,0,0,0,0,0,1,1,"4900 LAKE AVE, BLASDELL, NY 14219",42.796856853993,-78.799646973604
US FOODS,702 POTENTIAL PKWY SCOTIA,SCOTIA,NY,12302,1,1,0,0,0,0,0,0,0,0,0,0,0,1,1,"702 POTENTIAL PKWY SCOTIA, SCOTIA, NY 12302",42.838743009064,-73.979980980037
US FOODS,125 GARDENVILLE PKWY W,BUFFALO,NY,14224,1,1,0,0,0,0,0,0,0,0,0,0,0,1,1,"125 GARDENVILLE PKWY W, BUFFALO, NY 14224",42.864369602618,-78.756705097355
US FOODS,755 PIERCE RD,CLIFTON PARK,NY,12065,1,1,0,0,0,0,0,0,0,0,0,0,0,1,1,"755 PIERCE RD, CLIFTON PARK, NY 12065",42.897094854382,-73.787356390169
US FOODS,95 MAIN ST,GLENS FALLS,NY,12803,1,1,0,0,0,0,0,0,0,0,0,0,0,1,1,"95 MAIN ST, GLENS FALLS, NY 12803",43.301148013183,-73.636974841688
US FOODS,1250 SCOTTSVILLE RD 3C,ROCHESTER,NY,14624,1,1,0,0,0,0,0,0,0,0,0,0,0,1,1,"1250 SCOTTSVILLE RD 3C, ROCHESTER, NY 14624",43.117716339204,-77.658326813903
US FOODS,1510 LYELL AVE,ROCHESTER,NY,14606,1,1,0,0,0,0,0,0,0,0,0,0,0,1,1,"1510 LYELL AVE, ROCHESTER, NY 14606",43.164736018707,-77.665436734421
US FOODS,164 CHERYL LN,DEPEW,NY,14043,1,1,0,0,0,0,0,0,0,0,0,0,0,1,1,"164 CHERYL LN, DEPEW, NY 14043",42.922848809841,-78.706800774895
US FOODS,177 NGARA FRNTR FD TERMIN,BUFFALO,NY,14206,1,1,0,0,0,0,0,0,0,0,0,0,0,1,1,"177 NGARA FRNTR FD TERMIN, BUFFALO, NY 14206",42.887172,-78.812183
BALDOR SPECIALTY FOODS,3536 24TH ST,ASTORIA,NY,11106,1,1,0,0,0,0,0,0,0,0,0,0,1,1,1,"3536 24TH ST, ASTORIA, NY 11106",40.759661856187,-73.933468440006
DICARLO FOOD SERVICE,542 WOODBURY RD,PLAINVIEW,NY,11803,1,1,0,0,0,0,0,0,0,0,0,0,1,1,1,"542 WOODBURY RD, PLAINVIEW, NY 11803",40.78953863758,-73.495073798886
CHEF'S CHOICE CASH & CARRY FOOD DISTRIBUTOR INC,1039 UTICA AVE,BROOKLYN,NY,11203,1,1,0,0,0,0,0,0,0,0,0,0,1,1,1,"1039 UTICA AVE, BROOKLYN, NY 11203",40.647527775637,-73.929854008088
WESTSIDE FOODS,355 Food Center Dr,Bronx,NY,10474,1,1,0,0,0,0,0,0,0,0,0,0,1,1,1,"355 Food Center Dr, Bronx, NY 10474",40.806204912953,-73.871041997208
FRESH AND TASTY BAKED PRODUCTS,1568 Stillwell Ave,Bronx,NY,10461,1,1,0,0,0,0,0,0,0,0,0,0,1,1,1,"1568 Stillwell Ave, Bronx, NY 10461",40.854475242044,-73.841913880387
THE CHEF'S KINGDOM,1 ALPINE CT,CHESTNUT RIDGE,NY,10977,1,1,0,0,0,0,0,0,0,0,0,0,1,1,1,"1 ALPINE CT, CHESTNUT RIDGE, NY 10977",41.095607544632,-74.048260736353
TONY'S FISH & SEAFOOD CORP.,HUNTS PT COOP MKT BLDGS A,BRONX,NY,10474,1,1,0,0,0,0,0,0,0,0,0,0,1,1,1,"HUNTS PT COOP MKT BLDGS A, BRONX, NY 10474",40.808113687782,-73.873510577666
ROMEO WHOLESALE MEAT CORP.,7801 15th Ave,Brooklyn,NY,11228,1,1,0,0,0,0,0,0,0,0,0,0,1,1,1,"7801 15th Ave, Brooklyn, NY 11228",40.615840253064,-74.004799498969
NEW PRODUCE TRADING INC.,1802 OCEAN PKWY APT D2,BROOKLYN,NY,11223,1,1,0,0,0,0,0,0,0,0,0,0,1,1,1,"1802 OCEAN PKWY APT D2, BROOKLYN, NY 11223",40.604704906846,-73.96713404652
PERFORMANCE FOOD GROUP,163 W 133RD ST,NEW YORK,NY,10030,1,1,0,0,0,0,0,0,0,0,0,0,0,1,1,"163 W 133RD ST, NEW YORK, NY 10030",40.813726706776,-73.943825773536
