id,latitude,longitude,ny,wholesaler_distributor,harvester_processor,secondary_processor,auction,harvester_processor_scale,secondary_processor_scale,auction_scale,max_inv,lrfs_business,mwbe,sold_to_nyc,nys_product_purchased,sold_to_NYC,organic
10000,40.917641284237,-73.896575888364,1,0,0,1,0,0,0,0,0,0,0,0,0,NA,0
10001,40.739964818376,-73.863308704921,1,0,0,1,0,0,0,0,0,0,0,0,0,NA,0
10002,40.636995528083,-73.986575795261,1,0,0,1,0,0,0,0,0,0,0,0,0,NA,0
10003,40.766409121735,-73.540975757037,1,0,0,1,0,0,0,0,0,0,0,0,0,NA,0
10004,43.145725923643,-77.552518740691,1,0,0,1,0,0,0,0,0,0,0,0,0,NA,0
10005,40.647141229419,-74.022635037924,1,0,0,1,0,0,0,0,0,0,0,0,0,NA,0
10006,40.721122594288,-73.908905599459,1,0,0,1,0,0,0,0,0,0,0,0,0,NA,0
10007,40.764407260092,-73.267799500084,1,0,0,1,0,0,0,0,0,0,0,0,0,NA,0
10008,40.714093589186,-73.935204612002,1,0,0,1,0,0,0,0,0,0,0,0,0,NA,0
10009,40.822240110912,-73.896953607403,1,0,0,1,0,0,0,0,0,0,0,0,0,NA,0
10010,42.252424815085,-78.147549781079,1,0,1,1,0,0,0,0,0,0,0,0,0,NA,0
10011,NA,NA,1,0,0,1,0,0,0,0,0,0,0,0,0,NA,0
10012,40.870509168978,-73.427388629968,1,0,0,1,0,0,0,0,0,0,0,0,0,NA,0
10013,40.812258053206,-73.225382706058,1,0,0,1,0,0,0,0,0,0,0,0,0,NA,0
10014,42.438792985755,-73.911931808971,1,0,1,1,0,0,0,0,0,0,0,0,0,NA,0
10015,42.347127848215,-76.617382704209,1,0,1,1,0,0,0,0,0,0,0,0,0,NA,0
10016,42.808400052576,-76.82586506797,1,0,1,1,0,0,0,0,0,0,0,0,0,NA,0
10017,40.742610670175,-73.932168672639,1,0,0,1,0,0,0,0,0,0,0,0,0,NA,0
10018,40.809776960554,-73.89194109298,1,0,0,1,0,0,0,0,0,0,0,0,0,NA,0
10019,NA,NA,1,0,0,1,0,0,0,0,0,0,0,0,0,NA,0
10020,40.656260778509,-73.766892479688,1,0,0,1,0,0,0,0,0,0,0,0,0,NA,0
10021,42.857899985405,-77.106543829185,1,0,0,1,0,0,0,0,0,0,0,0,0,NA,0
10022,42.406746744544,-74.61996278509,1,0,1,1,0,0,0,0,0,0,0,0,0,NA,0
10023,42.884840408512,-78.814095785214,1,0,0,1,0,0,0,0,0,0,0,0,0,NA,0
10024,42.860730026968,-78.2083099057,1,0,1,1,0,0,0,0,0,0,0,0,0,NA,0
10025,41.490252613932,-74.062226180543007,1,0,0,1,0,0,0,0,0,0,1,0,0,NA,0
10026,41.977754313956,-73.997270348016,1,0,0,1,0,0,0,0,0,0,0,0,0,NA,0
10027,41.51707293216,-73.944808969502,1,0,0,1,0,0,0,0,0,0,0,0,0,NA,0
10028,42.905795229542,-78.830638357954,1,0,0,1,0,0,0,0,0,0,0,0,0,NA,0
10029,41.033215875649,-73.945154683644,1,0,0,1,0,0,0,0,0,0,0,0,0,NA,0
10030,40.813657369619,-73.258855641834,1,0,0,1,0,0,0,0,0,0,0,0,0,NA,0
10031,42.275430288327,-74.919320289495,1,0,0,1,0,0,0,0,0,0,0,0,0,NA,0
10032,40.711339989626,-73.556006439383,1,0,0,1,0,0,0,0,0,0,0,0,0,NA,0
10033,40.647229527188,-73.929822156334,1,0,0,1,0,0,0,0,0,0,0,0,0,NA,0
10034,40.719906184084,-73.959687269473,1,0,0,1,0,0,0,0,0,0,0,0,0,NA,0
10035,40.740044883048,-73.947510940839,1,0,0,1,0,0,0,0,0,0,0,0,0,NA,0
10036,40.776521140776,-73.094517704601,1,0,0,1,0,0,0,0,0,0,0,0,0,NA,0
10037,43.190584769899,-75.340645727755,1,0,1,1,0,0,0,0,0,0,0,0,0,NA,0
10038,40.755724652705,-73.414960752181,1,0,0,1,0,0,0,0,0,0,0,0,0,NA,0
10039,40.753050561017,-73.413134349286,1,0,0,1,0,0,0,0,0,0,0,0,0,NA,0
10040,43.89536264293,-75.392382437972,1,0,0,1,0,0,0,0,0,0,0,0,0,NA,0
10041,40.734569015113,-73.228545455157,1,0,0,1,0,0,0,0,0,0,0,0,0,NA,0
10042,42.877824545006,-78.813081677429,1,0,0,1,0,0,0,0,0,0,0,0,0,NA,0
10043,40.642780448131,-73.951698174999,1,0,0,1,0,0,0,0,0,0,0,0,0,NA,0
10044,40.596594706185,-73.976168103147,1,0,0,1,0,0,0,0,0,0,0,0,0,NA,0
10045,42.947004565852,-73.64536751182,1,0,0,1,0,0,0,0,0,0,0,0,0,NA,0
10046,42.954247901046,-73.636451238996,1,0,0,1,0,0,0,0,0,0,0,0,0,NA,0
10047,40.806204912953,-73.871041997208,1,0,0,1,0,0,0,0,0,0,0,0,0,NA,0
10048,43.447486791255,-76.468041729394,1,0,0,1,0,0,0,0,0,0,0,0,0,NA,0
10049,44.311848078562,-75.498257209577,1,0,0,0,1,0,0,0,0,0,0,0,0,NA,0
10050,40.806204912953,-73.871041997208,1,0,0,1,0,0,0,0,0,0,0,0,0,NA,0
10051,40.831310944445,-73.909104163078,1,0,0,1,0,0,0,0,0,0,0,0,0,NA,0
10052,41.293725553621,-73.907404087277,1,0,0,1,0,0,0,0,0,0,0,0,0,NA,0
10053,40.788960071939,-73.813536465511,1,0,0,1,0,0,0,0,0,0,0,0,0,NA,0
10054,40.75437951929,-73.827798823617,1,0,0,1,0,0,0,0,0,0,0,0,0,NA,0
10055,43.099572298104,-75.216257065311,1,0,0,1,0,0,0,0,0,0,0,0,0,NA,0
10056,43.170182626624,-76.302623897948,1,0,0,1,0,0,0,0,0,0,0,0,0,NA,0
10057,42.746402847988,-74.015209332966,1,0,1,1,0,0,0,0,0,0,0,0,0,NA,0
10058,41.98068740299,-73.804697501042,1,0,0,1,0,0,0,0,0,0,0,0,0,NA,0
10059,40.751347228368,-73.950595132333,1,0,0,1,0,0,0,0,0,0,0,0,0,NA,0
10060,42.718981881152,-77.264452690121,1,0,0,1,0,0,0,0,0,0,0,0,0,NA,0
10061,40.806204912953,-73.871041997208,1,0,0,1,0,0,0,0,0,0,0,0,0,NA,0
10062,42.960883380481,-73.392152239612,1,0,1,1,0,0,0,0,0,0,0,0,0,NA,0
10063,42.690463225002,-73.783222337516,1,0,0,1,0,0,0,0,0,0,0,0,0,NA,0
10064,42.8754567767,-78.828658734277,1,0,0,1,0,0,0,0,0,0,0,0,0,NA,0
10065,NA,NA,1,0,1,1,0,0,0,0,0,0,0,0,0,NA,0
10066,NA,NA,1,0,0,0,1,0,0,0,0,0,0,0,0,NA,0
10067,42.727777496124,-74.335843605854,1,0,0,0,1,0,0,0,0,0,0,0,0,NA,0
10068,NA,NA,1,0,0,0,1,0,0,0,0,0,0,0,0,NA,0
10069,43.03399830034,-74.354563571981,1,0,0,1,0,0,0,0,0,0,0,0,0,NA,0
10070,41.59662946458,-74.923726563251,1,0,0,1,0,0,0,0,0,0,0,0,0,NA,0
10071,40.806204912953,-73.871041997208,1,0,0,1,0,0,0,0,0,0,0,0,0,NA,0
10072,40.733580314666,-73.446070655814,1,0,0,1,0,0,0,0,0,0,0,0,0,NA,0
10073,43.111908154675,-78.918087668874,1,0,0,1,0,0,0,0,0,0,0,0,0,NA,0
10074,40.740710215968,-73.958563810251,1,0,0,1,0,0,0,0,0,0,0,0,0,NA,0
10075,40.750538402597,-73.501902095334,1,0,0,1,0,0,0,0,0,0,0,0,0,NA,0
10076,40.707453010509,-73.87576411075,1,0,0,1,0,0,0,0,0,0,0,0,0,NA,0
10077,NA,NA,1,0,0,1,0,0,0,0,0,0,0,0,0,NA,0
10078,40.710074483573,-73.93683088655,1,0,0,1,0,0,0,0,0,0,0,0,0,NA,0
10079,NA,NA,1,0,0,1,0,0,0,0,0,0,0,0,0,NA,0
10080,40.706679059436,-73.902876952543,1,0,0,1,0,0,0,0,0,0,0,0,0,NA,0
10081,42.887910822145,-78.841957154129,1,0,0,1,0,0,0,0,0,0,0,0,0,NA,0
10082,43.123534501133,-76.129144279896,1,0,0,1,0,0,0,0,0,0,0,0,0,NA,0
10083,40.719084734031,-73.734234429598,1,0,0,1,0,0,0,0,0,0,0,0,0,NA,0
10084,42.827433896933,-73.967331884955,1,0,0,1,0,0,0,0,0,0,0,0,0,NA,0
10085,40.806204912953,-73.871041997208,1,0,0,1,0,0,0,0,0,0,0,0,0,NA,0
10086,40.806204912953,-73.871041997208,1,0,0,1,0,0,0,0,0,0,0,0,0,NA,0
10087,44.648746547774,-75.049981209821,1,0,0,1,0,0,0,0,0,0,0,0,0,NA,0
10088,40.841723280599,-73.902355514624,1,0,0,1,0,0,0,0,0,0,0,0,0,NA,0
10089,40.806204912953,-73.871041997208,1,0,0,1,0,0,0,0,0,0,0,0,0,NA,0
10090,42.938068421724,-78.904006704173,1,0,0,1,0,0,0,0,0,0,0,0,0,NA,0
10091,40.665603190338,-73.779077448099,1,0,0,1,0,0,0,0,0,0,0,0,0,NA,0
10092,40.662210103008,-73.775148982608,1,0,0,1,0,0,0,0,0,0,0,0,0,NA,0
10093,40.712023422615,-73.936998920536,1,0,0,1,0,0,0,0,0,0,0,0,0,NA,0
10094,42.540225301408,-78.030291126672,1,0,1,1,0,0,0,0,0,0,0,0,0,NA,0
10095,42.902736835794,-77.304365231719,1,0,0,1,0,0,0,0,0,0,0,0,0,NA,0
10096,42.912225521527,-77.30760113428,1,0,0,1,0,0,0,0,0,0,0,0,0,NA,0
10097,40.803340449611,-73.516077641435,1,0,0,1,0,0,0,0,0,0,0,0,0,NA,0
10098,40.784505134885,-73.838619668545,1,0,0,1,0,0,0,0,0,0,0,0,0,NA,0
10099,41.696392142038,-74.798518286784,1,0,0,1,0,0,0,0,0,0,0,0,0,NA,0
10100,40.802835947232,-73.92025355187,1,0,0,1,0,0,0,0,0,0,0,0,0,NA,0
10101,42.041774904304,-76.858309503431,1,0,0,1,0,0,0,0,0,0,0,0,0,NA,0
10102,42.919150008994,-78.796199915088,1,0,0,1,0,0,0,0,0,0,0,0,0,NA,0
10103,43.240187982647,-78.589204413651,1,0,1,1,0,0,0,0,0,0,0,0,0,NA,0
10104,40.70995408711,-73.938120717684,1,0,0,1,0,0,0,0,0,0,0,0,0,NA,0
10105,40.806700580443,-73.888204005248,1,0,0,1,0,0,0,0,0,0,0,0,0,NA,0
10106,40.703331908571,-73.629149392841,1,0,0,1,0,0,0,0,0,0,0,0,0,NA,0
10107,42.652687484259,-74.287122033618,1,0,0,1,0,0,0,0,0,0,0,0,0,NA,0
10108,42.466923380725,-73.41521746832,1,0,0,1,0,0,0,0,0,0,0,0,0,NA,0
10109,42.369375405757,-73.431167714274,1,0,1,1,0,0,0,0,0,0,0,0,0,NA,0
10110,43.09469751522,-76.090568618898,1,0,0,1,0,0,0,0,0,0,0,0,0,NA,0
10111,40.706831006943,-73.928554594026,1,0,0,1,0,0,0,0,0,0,0,0,0,NA,0
10112,42.707789731748,-75.318716255141,1,0,0,0,1,0,0,0,0,0,0,0,0,NA,0
10113,40.679720123905,-73.969364421608,1,0,0,1,0,0,0,0,0,0,0,0,0,NA,0
10114,40.65272378152,-74.00964732357,1,0,0,1,0,0,0,0,0,0,0,0,0,NA,0
10115,42.258387385717,-73.792960668792,1,0,0,1,0,0,0,0,0,0,0,0,0,NA,0
10116,42.466474806281,-73.463665591676,1,0,0,1,0,0,0,0,0,0,0,0,0,NA,0
10117,40.995338732651,-73.664753948158,1,0,0,1,0,0,0,0,0,0,0,0,0,NA,0
10118,NA,NA,1,0,0,1,0,0,0,0,0,0,0,0,0,NA,0
10119,40.663444096878,-73.997008877198,1,0,0,1,0,0,0,0,0,0,0,0,0,NA,0
10120,40.841895755288,-73.924641238346,1,0,0,1,0,0,0,0,0,0,0,0,0,NA,0
10121,42.129301918105,-76.821970287953,1,0,0,1,0,0,0,0,0,0,0,0,0,NA,0
10122,NA,NA,1,0,1,1,0,0,0,0,0,0,0,0,0,NA,0
10123,43.496952843319,-73.776248254679,1,0,0,1,0,0,0,0,0,0,0,0,0,NA,0
10124,42.07167659607,-73.58797879614,1,0,0,1,0,0,0,0,0,0,0,0,0,NA,0
10125,40.659679694565,-73.773604725162,1,0,0,1,0,0,0,0,0,0,0,0,0,NA,0
10126,40.654410446513,-73.634367552507,1,0,0,1,0,0,0,0,0,0,0,0,0,NA,0
10127,NA,NA,1,0,0,1,0,0,0,0,0,0,0,0,0,NA,0
10128,40.647141229419,-74.022635037924,1,0,0,1,0,0,0,0,0,0,0,0,0,NA,0
10129,43.246013585116,-77.324428527397,1,0,1,1,0,0,0,0,0,0,0,0,0,NA,0
10130,40.806204912953,-73.871041997208,1,0,0,1,0,0,0,0,0,0,0,0,0,NA,0
10131,40.664287771282,-73.931618903294,1,0,0,1,0,0,0,0,0,0,0,0,0,NA,0
10132,40.902456639291,-73.78939047278,1,0,0,1,0,0,0,0,0,0,0,0,0,NA,0
10133,42.075344550582,-76.801579882074,1,0,0,1,0,0,0,0,0,0,0,0,0,NA,0
10134,40.716638427363,-73.998790857189,1,0,0,1,0,0,0,0,0,0,0,0,0,NA,0
10135,40.803600689719,-73.922050239223,1,0,0,1,0,0,0,0,0,0,0,0,0,NA,0
10136,43.288586056779,-75.615410886431,1,0,1,1,0,0,0,0,0,0,0,0,0,NA,0
10137,42.167533553137,-78.999180339891,1,0,1,1,0,0,0,0,0,0,0,0,0,NA,0
10138,42.43878696734,-79.071078692875,1,0,1,1,0,0,0,0,0,0,0,0,0,NA,0
10139,40.647141229419,-74.022635037924,1,0,0,1,0,0,0,0,0,0,0,0,0,NA,0
10140,40.721931899665,-73.919181697992,1,0,0,1,0,0,0,0,0,0,0,0,0,NA,0
10141,41.337375151732,-74.159263535367,1,0,0,1,0,0,0,0,0,0,0,0,0,NA,0
10142,40.647141229419,-74.022635037924,1,0,0,1,0,0,0,0,0,0,0,0,0,NA,0
10143,42.906420743564,-77.753420948784,1,0,0,1,0,0,0,0,0,0,0,0,0,NA,0
10144,41.458122790524,-74.095837309666,1,0,1,1,0,0,0,0,0,0,0,0,0,NA,0
10145,40.810240096877,-73.887358106361,1,0,0,1,0,0,0,0,0,0,0,0,0,NA,0
10146,NA,NA,1,0,0,1,0,0,0,0,0,0,0,0,0,NA,0
10147,40.668051005141,-73.994309201747,1,0,0,1,0,0,0,0,0,0,0,0,0,NA,0
10148,40.698296941233,-73.924065344373,1,0,0,1,0,0,0,0,0,0,0,0,0,NA,0
10149,40.69748501596,-73.68241453391,1,0,0,1,0,0,0,0,0,0,0,0,0,NA,0
10150,42.643629960122,-76.943914869844,1,0,0,0,1,0,0,0,0,0,0,0,0,NA,0
10151,40.652296928526,-74.005498595258,1,0,0,1,0,0,0,0,0,0,0,0,0,NA,0
10152,40.647141229419,-74.022635037924,1,0,0,1,0,0,0,0,0,0,0,0,0,NA,0
10153,42.870349532456,-78.750331422177,1,0,0,1,0,0,0,0,0,0,0,0,0,NA,0
10154,40.613794615948,-73.754284150925,1,0,0,1,0,0,0,0,0,0,0,0,0,NA,0
10155,40.712347581955,-73.939317219002,1,0,0,1,0,0,0,0,0,0,0,0,0,NA,0
10156,43.184471532153,-77.680400330893,1,0,0,1,0,0,0,0,0,0,0,0,0,NA,0
10157,43.10843245282,-77.448772032228,1,0,0,1,0,0,0,0,0,0,0,0,0,NA,0
10158,40.617324062524,-73.999433880377,1,0,0,1,0,0,0,0,0,0,0,0,0,NA,0
10159,43.217185881022,-73.488295618772,1,0,1,1,0,0,0,0,0,0,0,0,0,NA,0
10160,40.806204912953,-73.871041997208,1,0,0,1,0,0,0,0,0,0,0,0,0,NA,0
10161,42.376483826936,-73.428969780193,1,0,0,1,0,0,0,0,0,0,0,0,0,NA,0
10162,40.72567118867,-73.4283262306,1,0,0,1,0,0,0,0,0,0,0,0,0,NA,0
10163,40.712016202359,-73.937471224279,1,0,0,1,0,0,0,0,0,0,0,0,0,NA,0
10164,40.72419303687,-73.953952925478,1,0,0,1,0,0,0,0,0,0,0,0,0,NA,0
10165,42.09466648289,-76.076270882899,1,0,0,1,0,0,0,0,0,0,0,0,0,NA,0
10166,40.646804034388,-73.996649931086,1,0,0,1,0,0,0,0,0,0,0,0,0,NA,0
10167,40.670254298551,-73.783249868171,1,0,0,1,0,0,0,0,0,0,0,0,0,NA,0
10168,40.630519581007,-74.14038112243,1,0,0,1,0,0,0,0,0,0,0,0,0,NA,0
10169,NA,NA,1,0,0,1,0,0,0,0,0,0,0,0,0,NA,0
10170,41.269730013166,-73.853552449822,1,0,1,1,0,0,0,0,0,0,0,0,0,NA,0
10171,40.656180991553,-74.00764047504,1,0,0,1,0,0,0,0,0,0,0,0,0,NA,0
10172,41.984235539301,-73.792225263905,1,0,1,1,0,0,0,0,0,0,0,0,0,NA,0
10173,40.809496089887,-73.246854090663,1,0,0,1,0,0,0,0,0,0,0,0,0,NA,0
10174,40.803922306332,-73.910496430722,1,0,0,1,0,0,0,0,0,0,0,0,0,NA,0
10175,40.806204912953,-73.871041997208,1,0,0,1,0,0,0,0,0,0,0,0,0,NA,0
10176,42.929257302301,-74.166130923808,1,0,0,1,0,0,0,0,0,0,0,0,0,NA,0
10177,NA,NA,1,0,0,1,0,0,0,0,0,0,0,0,0,NA,0
10178,42.671244960239,-74.503685122333,1,0,1,1,0,0,0,0,0,0,0,0,0,NA,0
10179,40.683341466705,-74.006060570571,1,0,0,1,0,0,0,0,0,0,0,0,0,NA,0
10180,40.663310050803,-73.873770507427,1,0,0,1,0,0,0,0,0,0,0,0,0,NA,0
10181,40.755718147054,-73.929266067605,1,0,0,1,0,0,0,0,0,0,0,0,0,NA,0
10182,40.867112651671,-73.860188617237,1,0,0,1,0,0,0,0,0,0,0,0,0,NA,0
10183,40.647141229419,-74.022635037924,1,0,0,1,0,0,0,0,0,0,0,0,0,NA,0
10184,40.750905399556,-73.858322692887,1,0,0,1,0,0,0,0,0,0,0,0,0,NA,0
10185,41.398046987843,-74.35870041106,1,0,0,1,0,0,0,0,0,0,0,0,0,NA,0
10186,42.906651069581,-78.886292659646,1,0,0,1,0,0,0,0,0,0,0,0,0,NA,0
10187,42.787085715998,-78.786569951508,1,0,0,1,0,0,0,0,0,0,0,0,0,NA,0
10188,41.773321414852,-74.683096121614,1,0,0,1,0,0,0,0,0,0,0,0,0,NA,0
10189,40.806204912953,-73.871041997208,1,0,0,1,0,0,0,0,0,0,0,0,0,NA,0
10190,42.884910451094,-74.667667338258,1,0,0,1,0,0,0,0,0,0,0,0,0,NA,0
10191,40.669849431428,-73.993079627566,1,0,0,1,0,0,0,0,0,0,0,0,0,NA,0
10192,42.393418227239,-75.174312721573,1,0,1,1,0,0,0,0,0,0,0,0,0,NA,0
10193,41.709563957243,-74.572002318448,1,0,0,1,0,0,0,0,0,0,0,0,0,NA,0
10194,40.726924323247,-73.787952231068,1,0,0,1,0,0,0,0,0,0,0,0,0,NA,0
10195,NA,NA,1,0,0,1,0,0,0,0,0,0,0,0,0,NA,0
10196,43.08725036825,-77.614634818401,1,0,0,1,0,0,0,0,0,0,0,0,0,NA,0
10197,40.810101801229,-73.892025800206,1,0,0,1,0,0,0,0,0,0,0,0,0,NA,0
10198,40.807131615766,-73.887352680504,1,0,0,1,0,0,0,0,0,0,0,0,0,NA,0
10199,40.706948704996,-73.94775065475,1,0,0,1,0,0,0,0,0,0,0,0,0,NA,0
10200,40.647141229419,-74.022635037924,1,0,0,1,0,0,0,0,0,0,0,0,0,NA,0
10201,41.651968896508,-73.802529287714,1,0,0,1,0,0,0,0,0,0,0,0,0,NA,0
10202,NA,NA,1,0,0,1,0,0,0,0,0,0,0,0,0,NA,0
10203,40.804980228,-73.918852295606,1,0,0,1,0,0,0,0,0,0,0,0,0,NA,0
10204,NA,NA,1,0,0,1,0,0,0,0,0,0,0,0,0,NA,0
10205,43.346356390684,-78.463763958052,1,0,0,1,0,0,0,0,0,0,0,0,0,NA,0
10206,42.972681808543,-78.878788641933,1,0,0,1,0,0,0,0,0,0,0,0,0,NA,0
10207,40.720160650092,-73.994181515919,1,0,0,1,0,0,0,0,0,0,0,0,0,NA,0
10208,44.707734323481,-73.540481680079,1,0,0,1,0,0,0,0,0,0,0,0,0,NA,0
10209,40.746172612169,-73.868305945178,1,0,0,1,0,0,0,0,0,0,0,0,0,NA,0
10210,NA,NA,1,0,0,1,0,0,0,0,0,0,0,0,0,NA,0
10211,41.044011382326,-73.979327791276,1,0,0,1,0,0,0,0,0,0,0,0,0,NA,0
10212,40.655783575563,-73.671740912141,1,0,0,1,0,0,0,0,0,0,0,0,0,NA,0
10213,42.705908108622,-73.67556963853,1,0,0,1,0,0,0,0,0,0,0,0,0,NA,0
10214,40.707326483632,-73.934898248423,1,0,0,1,0,0,0,0,0,0,0,0,0,NA,0
10215,43.500955674334,-73.780368798094,1,0,0,1,0,0,0,0,0,0,0,0,0,NA,0
10216,42.717381989307,-76.419041404048,1,0,1,1,0,0,0,0,0,0,0,0,0,NA,0
10217,42.123900467833,-76.039451107856,1,0,0,1,0,0,0,0,0,0,0,0,0,NA,0
10218,NA,NA,1,0,0,1,0,0,0,0,0,0,0,0,0,NA,0
10219,43.166147725921,-77.62363715855,1,0,0,1,0,0,0,0,0,0,0,0,0,NA,0
10220,40.615782905715,-74.004859621187,1,0,0,1,0,0,0,0,0,0,0,0,0,NA,0
10221,43.080263092784,-73.790292541563,1,0,0,1,0,0,0,0,0,0,0,0,0,NA,0
10222,NA,NA,1,0,0,1,0,0,0,0,0,0,0,0,0,NA,0
10223,42.787120598038,-73.999484566509,1,0,0,1,0,0,0,0,0,0,0,0,0,NA,0
10224,40.707449610965,-73.925471947131,1,0,0,1,0,0,0,0,0,0,0,0,0,NA,0
10225,40.659363217884,-73.767738952683,1,0,0,1,0,0,0,0,0,0,0,0,0,NA,0
10226,43.129930070498,-79.014926369367,1,0,0,1,0,0,0,0,0,0,0,0,0,NA,0
10227,40.760135110953,-73.991476316391,1,0,0,1,0,0,0,0,0,0,0,0,0,NA,0
10228,40.955919666313,-73.737083173623,1,0,0,1,0,0,0,0,0,0,0,0,0,NA,0
10229,40.806204912953,-73.871041997208,1,0,0,1,0,0,0,0,0,0,0,0,0,NA,0
10230,NA,NA,1,0,0,1,0,0,0,0,0,0,0,0,0,NA,0
10231,40.758868593199,-73.935343042813,1,0,0,1,0,0,0,0,0,0,0,0,0,NA,0
10232,40.814009942722,-73.664011379601,1,0,0,1,0,0,0,0,0,0,0,0,0,NA,0
10233,40.715007559233,-73.933640143286,1,0,0,1,0,0,0,0,0,0,0,0,0,NA,0
10234,40.706307477491,-73.623266665732,1,0,0,1,0,0,0,0,0,0,0,0,0,NA,0
10235,42.816557492992,-78.846286860707,1,0,0,1,0,0,0,0,0,0,0,0,0,NA,0
10236,40.612087460644,-73.973538655356,1,0,0,1,0,0,0,0,0,0,0,0,0,NA,0
10237,43.091512480554,-75.195672655615,1,0,0,1,0,0,0,0,0,0,0,0,0,NA,0
10238,43.872933864662,-75.349690640295,1,0,1,1,0,0,0,0,0,0,0,0,0,NA,0
10239,40.63032751147,-74.015031116681,1,0,0,1,0,0,0,0,0,0,0,0,0,NA,0
10240,42.758340094785,-73.695239131674,1,0,0,1,0,0,0,0,0,0,0,0,0,NA,0
10241,40.679270549918,-74.010752909047,1,0,0,1,0,0,0,0,0,0,0,0,0,NA,0
10242,40.61581157939,-74.004829560078,1,0,0,1,0,0,0,0,0,0,0,0,0,NA,0
10243,43.08725036825,-77.614634818401,1,0,0,1,0,0,0,0,0,0,0,0,0,NA,0
10244,42.860576977007,-78.765268786064,1,0,0,1,0,0,0,0,0,0,0,0,0,NA,0
10245,42.862855777122,-78.759160286799,1,0,0,1,0,0,0,0,0,0,0,0,0,NA,0
10246,42.86139926524,-78.760633910989,1,0,0,1,0,0,0,0,0,0,0,0,0,NA,0
10247,42.869437948421,-78.748016878567,1,0,0,1,0,0,0,0,0,0,0,0,0,NA,0
10248,43.033461672767,-73.381828145555,1,0,0,1,0,0,0,0,0,0,0,0,0,NA,0
10249,43.076431293267,-75.752233402072,1,0,0,1,0,0,0,0,0,0,0,0,0,NA,0
10250,40.725523470132,-73.931378815199,1,0,0,1,0,0,0,0,0,0,0,0,0,NA,0
10251,42.883293472894,-78.842024498237,1,0,0,1,0,0,0,0,0,0,0,0,0,NA,0
10252,42.883409547236,-78.841907944967,1,0,0,1,0,0,0,0,0,0,0,0,0,NA,0
10253,42.927294269594,-74.608751843232,1,0,1,1,0,0,0,0,0,0,0,0,0,NA,0
10254,40.748934348444,-73.995745452266,1,0,0,1,0,0,0,0,0,0,0,0,0,NA,0
10255,40.757666187304,-73.928786495187,1,0,0,1,0,0,0,0,0,0,0,0,0,NA,0
10256,42.909537650785,-78.728288608703,1,0,0,1,0,0,0,0,0,0,0,0,0,NA,0
10257,42.8698706391,-78.757949796897,1,0,0,1,0,0,0,0,0,0,0,0,0,NA,0
10258,42.758514917192,-73.704753404214,1,0,0,1,0,0,0,0,0,0,0,0,0,NA,0
10259,42.744429923596,-76.838003556392,1,0,1,1,0,0,0,0,0,0,0,0,0,NA,0
10260,40.724748258714,-73.908848357857,1,0,0,1,0,0,0,0,0,0,0,0,0,NA,0
10261,40.909937443992,-73.822353621227,1,0,0,1,0,0,0,0,0,0,0,0,0,NA,0
10262,40.818855162488,-73.261352992832,1,0,0,1,0,0,0,0,0,0,0,0,0,NA,0
10263,40.728255460326,-73.611035072461,1,0,0,1,0,0,0,0,0,0,0,0,0,NA,0
10264,40.697837775048,-73.810418338126,1,0,0,1,0,0,0,0,0,0,0,0,0,NA,0
10265,40.703403787704,-73.397826132926,1,0,0,1,0,0,0,0,0,0,0,0,0,NA,0
10266,43.112395189511,-76.878845590827,1,0,1,1,0,0,0,0,0,0,0,0,0,NA,0
10267,43.175764915375,-77.575721687887,1,0,0,1,0,0,0,0,0,0,0,0,0,NA,0
10268,40.699506437516,-73.802550262687,1,0,1,1,0,0,0,0,0,0,0,0,0,NA,0
10269,40.765631460056,-73.991011036872,1,0,0,1,0,0,0,0,0,0,0,0,0,NA,0
10270,42.408284101479,-74.617133984449,1,0,0,1,0,0,0,0,0,0,0,0,0,NA,0
10271,40.770813222032,-73.903060909508,1,0,0,1,0,0,0,0,0,0,0,0,0,NA,0
10272,42.800150393391,-78.621477329907,1,0,0,1,0,0,0,0,0,0,0,0,0,NA,0
10273,42.016504009875,-79.499430597637,1,0,1,1,0,0,0,0,0,0,0,0,0,NA,0
10274,40.703163395679,-73.930991211443,1,0,0,1,0,0,0,0,0,0,0,0,0,NA,0
10275,40.740413305653,-73.929507619049,1,0,0,1,0,0,0,0,0,0,0,0,0,NA,0
10276,43.165784019336,-77.566697092367,1,0,0,1,0,0,0,0,0,0,0,0,0,NA,0
10277,40.784505134885,-73.838619668545,1,0,0,1,0,0,0,0,0,0,0,0,0,NA,0
10278,40.716038216464,-73.416024736591993,1,0,0,1,0,0,0,0,0,0,0,0,0,NA,0
10279,40.725919338314,-73.45328690277,1,0,0,1,0,0,0,0,0,0,0,0,0,NA,0
10280,41.073234039369,-73.814144008552,1,0,0,1,0,0,0,0,0,0,0,0,0,NA,0
10281,42.874186378765,-78.871464458997,1,0,0,1,0,0,0,0,0,0,0,0,0,NA,0
10282,40.676552861968,-73.913764191344,1,0,0,1,0,0,0,0,0,0,0,0,0,NA,0
10283,40.654351854346,-74.01342744627,1,0,0,1,0,0,0,0,0,0,0,0,0,NA,0
10284,40.751421587042,-73.603612544616,1,0,0,1,0,0,0,0,0,0,0,0,0,NA,0
10285,40.769606078833,-73.904753751219,1,0,0,1,0,0,0,0,0,0,0,0,0,NA,0
10286,43.072037528383,-77.940780675992,1,0,0,1,0,0,0,0,0,0,0,0,0,NA,0
10287,40.69157676531,-73.984443490356,1,0,0,1,0,0,0,0,0,0,0,0,0,NA,0
10288,42.331926483995,-79.579728562665,1,0,0,1,0,0,0,0,0,0,0,0,0,NA,0
10289,NA,NA,1,0,0,1,0,0,0,0,0,0,0,0,0,NA,0
10290,42.553508876173,-77.035010100872,1,0,1,1,0,0,0,0,0,0,0,0,0,NA,0
10291,40.806204912953,-73.871041997208,1,0,0,1,0,0,0,0,0,0,0,0,0,NA,0
10292,40.670296422307,-73.995470068039,1,0,0,1,0,0,0,0,0,0,0,0,0,NA,0
10293,NA,NA,1,0,0,1,0,0,0,0,0,0,0,0,0,NA,0
10294,40.741947802706,-73.638710307861,1,0,0,1,0,0,0,0,0,0,0,0,0,NA,0
10295,44.860711739671,-74.789785865681,1,0,1,1,0,0,0,0,0,0,0,0,0,NA,0
10296,42.653707523286,-75.049361909391,1,0,1,1,0,0,0,0,0,0,0,0,0,NA,0
10297,40.699339340399,-73.953435160491,1,0,0,1,0,0,0,0,0,0,0,0,0,NA,0
10298,40.707857052875,-73.938481044297,1,0,0,1,0,0,0,0,0,0,0,0,0,NA,0
10299,40.917937228091,-73.845158917424,1,0,0,1,0,0,0,0,0,0,0,0,0,NA,0
10300,42.796856853993,-78.799646973604,1,0,0,1,0,0,0,0,0,0,0,0,0,NA,0
10301,40.776916860238,-73.900993157845,1,0,0,1,0,0,0,0,0,0,0,0,0,NA,0
10302,40.802789445898,-72.948956303944,1,0,0,1,0,0,0,0,0,0,0,0,0,NA,0
10303,40.707506728489,-73.875792578055,1,0,0,1,0,0,0,0,0,0,0,0,0,NA,0
10304,NA,NA,1,0,0,1,0,0,0,0,0,0,0,0,0,NA,0
10305,42.191327434672,-76.117897289526,1,0,1,1,0,0,0,0,0,0,0,0,0,NA,0
10306,40.71642807779,-73.949674098375,1,0,0,1,0,0,0,0,0,0,0,0,0,NA,0
10307,40.710248905413,-73.935083363476,1,0,0,1,0,0,0,0,0,0,0,0,0,NA,0
10308,42.748758379794,-74.045159703306,1,0,0,1,0,0,0,0,0,0,0,0,0,NA,0
10309,40.726468658338,-73.935985862022,1,0,0,1,0,0,0,0,0,0,0,0,0,NA,0
10310,40.740199224045,-73.93344620091,1,0,0,1,0,0,0,0,0,0,0,0,0,NA,0
10311,40.741915572775,-73.926139747369,1,0,0,1,0,0,0,0,0,0,0,0,0,NA,0
10312,40.741847389365,-73.9302711571,1,0,0,1,0,0,0,0,0,0,0,0,0,NA,0
10313,42.700064295769,-78.130265749386,1,0,1,1,0,0,0,0,0,0,0,0,0,NA,0
10314,NA,NA,1,0,0,1,0,0,0,0,0,0,0,0,0,NA,0
10315,NA,NA,1,0,0,1,0,0,0,0,0,0,0,0,0,NA,0
10316,40.717838124821,-73.918006252148,1,0,0,1,0,0,0,0,0,0,0,0,0,NA,0
10317,40.679196292891,-74.010840381304,1,0,0,1,0,0,0,0,0,0,0,0,0,NA,0
10318,42.79863291276,-73.953207420536,1,0,0,1,0,0,0,0,0,0,0,0,0,NA,0
10319,NA,NA,1,0,0,1,0,0,0,0,0,0,0,0,0,NA,0
10320,42.562132413635,-77.706730585317,1,0,0,1,0,0,0,0,0,0,0,0,0,NA,0
10321,40.647141229419,-74.022635037924,1,0,0,1,0,0,0,0,0,0,0,0,0,NA,0
10322,42.466426173393,-77.751639592776,1,0,1,1,0,0,0,0,0,0,0,0,0,NA,0
10323,43.16396711832,-77.625638287888,1,0,0,1,0,0,0,0,0,0,0,0,0,NA,0
10324,40.721016038179,-73.425408823944,1,1,0,0,0,0,0,0,0,0,1,0,0,NA,1
10325,40.741699011248,-73.359750347162,1,1,0,0,0,0,0,0,0,0,1,0,0,NA,1
10326,41.387744515189,-73.732665704696,1,1,0,0,0,0,0,0,0,0,1,0,0,NA,1
10327,43.166316964309,-74.998463072863,1,1,0,0,0,0,0,0,0,0,1,0,0,NA,1
10328,40.694388190795,-73.954303924443,1,1,0,0,0,0,0,0,0,0,1,0,0,NA,1
10329,42.805176850585,-73.928413918907,1,1,0,0,0,0,0,0,0,0,1,0,0,NA,1
10330,40.803511886407,-73.520050353016,1,1,0,0,0,0,0,0,0,0,1,0,0,NA,1
10331,43.021322981704,-78.990168325929,1,1,0,0,0,0,0,0,0,0,1,0,0,NA,1
10332,40.676189347636,-73.718083617937,1,1,0,0,0,0,0,0,0,0,1,0,0,NA,1
10333,43.089167523287,-75.256509327551,1,1,0,0,0,0,0,0,0,0,1,0,0,NA,1
10334,40.685069222452,-74.005225608129,1,1,0,0,0,0,0,0,0,0,1,0,0,NA,1
10335,40.811141428489,-73.118285101745,1,1,0,0,0,0,0,0,0,0,1,0,0,NA,1
10336,40.577759679064,-74.092964792695,1,1,0,0,0,0,0,0,0,0,1,0,0,NA,1
10337,40.662956078943,-73.685391316511,1,1,0,0,0,0,0,0,0,0,1,0,0,NA,1
10338,40.676762707407,-73.80948465264,1,1,0,0,0,0,0,0,0,0,1,0,0,NA,1
10339,43.104031452693,-77.632454406346,1,1,0,0,0,0,0,0,0,0,1,0,0,NA,1
10340,40.655358768556,-73.918931932783,1,1,0,0,0,0,0,0,0,0,1,0,0,NA,1
10341,43.116620041125,-77.498160874785,1,1,0,0,0,0,0,0,0,0,1,0,0,NA,1
10342,43.110946157587,-76.141618316696,1,1,0,0,0,0,0,0,0,0,1,0,0,NA,1
10343,41.071848939494,-73.813794616832,1,1,0,0,0,0,0,0,0,0,1,0,0,NA,1
10344,40.609741539826,-73.733204887738,1,1,0,0,0,0,0,0,0,0,1,0,0,NA,1
10345,40.916045981005,-73.770270978116,1,1,0,0,0,0,0,0,0,0,1,0,0,NA,1
10346,42.749221800488,-78.622147075873,1,1,0,0,0,0,0,0,0,0,1,0,0,NA,1
10347,42.658012214803,-73.749285082151,1,1,0,0,0,0,0,0,0,0,1,0,0,NA,1
10348,40.829394583419,-73.944653559057,1,1,0,0,0,0,0,0,0,0,1,0,0,NA,1
10349,42.703270123756,-73.715347786704,1,1,0,0,0,0,0,0,0,0,1,0,0,NA,1
10350,40.669650783678,-73.826266778095,1,1,0,0,0,0,0,0,0,0,1,0,0,NA,1
10351,42.707081673728,-73.710953154805,1,1,0,0,0,0,0,0,0,0,1,0,0,NA,1
10352,40.760383034119,-73.983698707635,1,1,0,0,0,0,0,0,0,0,1,0,0,NA,1
10353,42.858069291712,-78.715336974005,1,1,0,0,0,0,0,0,0,0,1,0,0,NA,1
10354,43.172323465504,-77.720302816151,1,1,0,0,0,0,0,0,0,0,1,0,0,NA,1
10355,43.101100005563,-78.909350734579,1,1,0,0,0,0,0,0,0,0,1,0,0,NA,1
10356,40.803119832957,-73.906391109902,1,1,0,0,0,0,0,0,0,0,1,0,0,NA,1
10357,40.78299279677,-73.794601601067,1,1,0,0,0,0,0,0,0,0,1,0,0,NA,1
10358,43.014249782948,-76.159272115875,1,1,0,0,0,0,0,0,0,0,1,0,0,NA,1
10359,40.666286679575,-73.779433704452,1,1,0,0,0,0,0,0,0,0,1,0,0,NA,1
10360,40.911780289638,-73.833714239364,1,1,0,0,0,0,0,0,0,0,1,0,0,NA,1
10361,40.956354672835,-73.841960062355,1,1,0,0,0,0,0,0,0,0,1,0,0,NA,1
10362,40.697733291143,-73.802382962959,1,1,0,0,0,0,0,0,0,0,1,0,0,NA,1
10363,42.981969191527,-78.906814452354,1,1,0,0,0,0,0,0,0,0,1,0,0,NA,1
10364,43.017000819034,-78.179689499873,1,1,0,0,0,0,0,0,0,0,1,0,0,NA,1
10365,41.053924570786,-73.798524368403,1,1,0,0,0,0,0,0,0,0,1,0,0,NA,1
10366,40.669381572482,-73.746647369603,1,1,0,0,0,0,0,0,0,0,1,0,0,NA,1
10367,NA,NA,1,1,0,0,0,0,0,0,0,0,1,0,0,NA,1
10368,40.691822692072,-73.98443143511,1,1,0,0,0,0,0,0,0,0,1,0,0,NA,1
10369,40.64560910055,-74.092115953831,1,1,0,0,0,0,0,0,0,0,1,0,0,NA,1
10370,40.561220443171,-74.181543974579,1,1,0,0,0,0,0,0,0,0,1,0,0,NA,1
10371,40.78783508973,-73.96755119295,1,1,0,0,0,0,0,0,0,0,1,0,0,NA,1
10372,41.331768397006,-73.875245585668,1,1,0,0,0,0,0,0,0,0,1,0,0,NA,1
10373,40.783334240227,-73.011175858003,1,1,0,0,0,0,0,0,0,0,1,0,0,NA,1
10374,42.699985088744,-73.681250372939,1,1,0,0,0,0,0,0,0,0,1,0,0,NA,1
10375,42.95874081044,-78.86519109693,1,1,0,0,0,0,0,0,0,0,1,0,0,NA,1
10376,NA,NA,1,1,0,0,0,0,0,0,0,0,1,0,0,NA,1
10377,40.801150999699,-73.913918171687,1,1,0,0,0,0,0,0,0,0,1,0,0,NA,1
10378,40.763245088932,-73.967527856532,1,1,0,0,0,0,0,0,0,0,1,0,0,NA,1
10379,40.719974485038,-73.937828948474,1,1,0,0,0,0,0,0,0,0,1,0,0,NA,1
10380,40.719854976238,-73.939206167772,1,1,0,0,0,0,0,0,0,0,1,0,0,NA,1
10381,40.739748662116,-73.671500561484,1,1,0,0,0,0,0,0,0,0,1,0,0,NA,1
10382,42.807650793846,-73.912149706282,1,1,0,0,0,0,0,0,0,0,1,0,0,NA,1
10383,40.694987816302,-73.689812866418,1,1,0,0,0,0,0,0,0,0,1,0,0,NA,1
10384,40.769048928411,-72.963736525256,1,1,0,0,0,0,0,0,0,0,1,0,0,NA,1
10385,43.356164484067,-77.992440279678,1,1,0,0,0,0,0,0,0,0,1,0,0,NA,1
10386,40.750711516895,-73.493563115087,1,1,0,0,0,0,0,0,0,0,1,0,0,NA,1
10387,40.910629873854,-73.850964913706,1,1,0,0,0,0,0,0,0,0,1,0,0,NA,1
10388,40.642697956979,-73.932418821847,1,1,0,0,0,0,0,0,0,0,1,0,0,NA,1
10389,40.783283928787,-73.559560994617,1,1,0,0,0,0,0,0,0,0,1,0,0,NA,1
10390,43.017811467427,-77.667620292909,1,1,0,0,0,0,0,0,0,0,1,0,0,NA,1
10391,43.125230804111,-76.091870880081,1,1,0,0,0,0,0,0,0,0,1,0,0,NA,1
10392,41.297333106698,-73.905730273668,1,1,0,0,0,0,0,0,0,0,1,0,0,NA,1
10393,40.707013028748,-73.670588576806,1,1,0,0,0,0,0,0,0,0,1,0,0,NA,1
10394,40.819642905556,-73.879815229581,1,1,0,0,0,0,0,0,0,0,1,0,0,NA,1
10395,43.164714544512,-77.657084502586,1,1,0,0,0,0,0,0,0,0,1,0,0,NA,1
10396,40.632435733541,-74.1168690244,1,1,0,0,0,0,0,0,0,0,1,0,0,NA,1
10397,41.533833408517,-74.034608256112,1,1,0,0,0,0,0,0,0,0,1,0,0,NA,1
10398,41.081964330217,-73.948447120892,1,1,0,0,0,0,0,0,0,0,1,0,0,NA,1
10399,43.005449582367,-73.857638213935,1,1,0,0,0,0,0,0,0,0,1,0,0,NA,1
10400,43.042273011697,-76.089915622665,1,1,0,0,0,0,0,0,0,0,1,0,0,NA,1
10401,40.946979547273,-72.977619372684,1,1,0,0,0,0,0,0,0,0,1,0,0,NA,1
10402,42.650471186988,-78.550436082837,1,1,0,0,0,0,0,0,0,0,1,0,0,NA,1
10403,40.838667191227,-73.92100989946,1,1,0,0,0,0,0,0,0,0,1,0,0,NA,1
10404,40.731446895489,-73.935033179016,1,1,0,0,0,0,0,0,0,0,1,0,0,NA,1
10405,42.975951139911,-76.144706077128,1,1,0,0,0,0,0,0,0,0,1,0,0,NA,1
10406,42.926389038545,-74.172107118971,1,1,0,0,0,0,0,0,0,0,0,0,1,1,1
10407,40.651956516369,-73.904542962984,1,1,0,0,0,0,0,0,0,0,0,0,1,1,1
10408,NA,NA,1,1,0,0,0,0,0,0,0,0,0,0,1,1,1
10409,42.796856853993,-78.799646973604,1,1,0,0,0,0,0,0,0,0,0,0,0,1,1
10410,NA,NA,1,1,0,0,0,0,0,0,0,0,0,0,0,1,1
10411,42.864369602618,-78.756705097355,1,1,0,0,0,0,0,0,0,0,0,0,0,1,1
10412,42.897094854382,-73.787356390169,1,1,0,0,0,0,0,0,0,0,0,0,0,1,1
10413,43.301148013183,-73.636974841688,1,1,0,0,0,0,0,0,0,0,0,0,0,1,1
10414,43.117716339204,-77.658326813903,1,1,0,0,0,0,0,0,0,0,0,0,0,1,1
10415,43.164736018707,-77.665436734421,1,1,0,0,0,0,0,0,0,0,0,0,0,1,1
10416,42.864369602618,-78.756705097355,1,1,0,0,0,0,0,0,0,0,0,0,0,1,1
10417,42.897094854382,-73.787356390169,1,1,0,0,0,0,0,0,0,0,0,0,0,1,1
10418,42.864369602618,-78.756705097355,1,1,0,0,0,0,0,0,0,0,0,0,0,1,1
10419,42.922848809841,-78.706800774895,1,1,0,0,0,0,0,0,0,0,0,0,0,1,1
10420,42.864369602618,-78.756705097355,1,1,0,0,0,0,0,0,0,0,0,0,0,1,1
10421,NA,NA,1,1,0,0,0,0,0,0,0,0,0,0,0,1,1
10422,40.759661856187,-73.933468440006,1,1,0,0,0,0,0,0,0,0,0,0,1,1,1
10423,40.78953863758,-73.495073798886,1,1,0,0,0,0,0,0,0,0,0,0,1,1,1
10424,40.647527775637,-73.929854008088,1,1,0,0,0,0,0,0,0,0,0,0,1,1,1
10425,40.806204912953,-73.871041997208,1,1,0,0,0,0,0,0,0,0,0,0,1,1,1
10426,40.854475242044,-73.841913880387,1,1,0,0,0,0,0,0,0,0,0,0,1,1,1
10427,41.095607544632,-74.048260736353,1,1,0,0,0,0,0,0,0,0,0,0,1,1,1
10428,NA,NA,1,1,0,0,0,0,0,0,0,0,0,0,1,1,1
10429,40.615840253064,-74.004799498969,1,1,0,0,0,0,0,0,0,0,0,0,1,1,1
10430,40.604704906846,-73.96713404652,1,1,0,0,0,0,0,0,0,0,0,0,1,1,1
10431,40.813726706776,-73.943825773536,1,1,0,0,0,0,0,0,0,0,0,0,0,1,1
